Year,Month,Transect,Station,Upper100mTemp
1997,3,Newport Hydrographic,NH01,10.32333337
1997,3,Newport Hydrographic,NH03,10.14716359
1997,3,Newport Hydrographic,NH05,10.04587247
1997,3,Newport Hydrographic,NH10,9.988532887
1997,3,Newport Hydrographic,NH15,9.899021363
1997,4,Newport Hydrographic,NH01,10.17088094
1997,4,Newport Hydrographic,NH03,9.52025613
1997,4,Newport Hydrographic,NH05,9.583974625
1997,4,Newport Hydrographic,NH10,9.536519442
1997,4,Newport Hydrographic,NH15,9.616716074
1997,5,Newport Hydrographic,NH01,12.46970059
1997,5,Newport Hydrographic,NH03,10.85069685
1997,5,Newport Hydrographic,NH05,10.16027635
1997,5,Newport Hydrographic,NH10,10.01998325
1997,5,Newport Hydrographic,NH15,10.33976174
1997,6,Newport Hydrographic,NH01,11.21936841
1997,6,Newport Hydrographic,NH03,9.378926419
1997,6,Newport Hydrographic,NH05,9.06919454
1997,6,Newport Hydrographic,NH10,9.176116778
1997,6,Newport Hydrographic,NH15,9.443252859
1997,7,Newport Hydrographic,NH01,9.51610525
1997,7,Newport Hydrographic,NH03,8.639558488
1997,7,Newport Hydrographic,NH05,8.763631266
1997,7,Newport Hydrographic,NH10,8.759415048
1997,7,Newport Hydrographic,NH15,9.234440875
1997,7,Newport Hydrographic,NH25,9.6940707
1997,8,Newport Hydrographic,NH01,12.34229056
1997,8,Newport Hydrographic,NH03,11.50235638
1997,8,Newport Hydrographic,NH05,10.24806319
1997,8,Newport Hydrographic,NH10,10.06528382
1997,8,Newport Hydrographic,NH15,8.753488776
1997,9,Newport Hydrographic,NH01,15.59570955
1997,9,Newport Hydrographic,NH03,15.34359255
1997,9,Newport Hydrographic,NH05,14.12049491
1997,9,Newport Hydrographic,NH10,12.25967802
1997,9,Newport Hydrographic,NH15,11.3844116
1997,9,Newport Hydrographic,NH20,11.36021431
1997,9,Newport Hydrographic,NH25,11.48167346
1997,10,Newport Hydrographic,NH01,14.72531674
1997,10,Newport Hydrographic,NH03,14.32227768
1997,10,Newport Hydrographic,NH05,13.46443505
1997,10,Newport Hydrographic,NH10,13.43035973
1997,10,Newport Hydrographic,NH15,12.80536781
1997,11,Newport Hydrographic,NH01,12.19486663
1997,11,Newport Hydrographic,NH03,12.03478568
1997,11,Newport Hydrographic,NH05,12.14701926
1997,11,Newport Hydrographic,NH10,11.96270423
1997,11,Newport Hydrographic,NH15,11.30761624
1997,11,Newport Hydrographic,NH20,10.78953528
1997,11,Newport Hydrographic,NH25,10.9783265
1997,12,Newport Hydrographic,NH05,12.75048244
1998,1,Newport Hydrographic,NH01,12.32099999
1998,1,Newport Hydrographic,NH03,12.4528182
1998,1,Newport Hydrographic,NH05,12.48544006
1998,1,Newport Hydrographic,NH10,12.3847948
1998,1,Newport Hydrographic,NH15,12.0837876
1998,1,Newport Hydrographic,NH20,11.74031314
1998,1,Newport Hydrographic,NH25,11.81740997
1998,2,Newport Hydrographic,NH05,12.42759516
1998,2,Newport Hydrographic,NH10,12.32181941
1998,2,Newport Hydrographic,NH15,12.27863737
1998,2,Newport Hydrographic,NH20,12.25224001
1998,2,Newport Hydrographic,NH25,12.18140998
1998,3,Newport Hydrographic,NH01,11.64772258
1998,3,Newport Hydrographic,NH03,11.46587786
1998,3,Newport Hydrographic,NH05,11.55355257
1998,3,Newport Hydrographic,NH10,11.45285454
1998,3,Newport Hydrographic,NH15,11.3997516
1998,4,Newport Hydrographic,NH01,11.67189887
1998,4,Newport Hydrographic,NH03,11.47405999
1998,4,Newport Hydrographic,NH05,10.73706411
1998,4,Newport Hydrographic,NH10,10.64072918
1998,4,Newport Hydrographic,NH15,10.71173663
1998,4,Newport Hydrographic,NH20,11.04840822
1998,4,Newport Hydrographic,NH25,11.12867677
1998,5,Newport Hydrographic,NH01,12.14727884
1998,5,Newport Hydrographic,NH03,11.63852001
1998,5,Newport Hydrographic,NH05,10.32715699
1998,5,Newport Hydrographic,NH10,9.731949294
1998,5,Newport Hydrographic,NH15,10.24006505
1998,6,Newport Hydrographic,NH01,10.40457769
1998,6,Newport Hydrographic,NH03,9.746015493
1998,6,Newport Hydrographic,NH05,9.51153514
1998,6,Newport Hydrographic,NH10,9.595399395
1998,6,Newport Hydrographic,NH15,9.954994504
1998,6,Newport Hydrographic,NH20,9.364141309
1998,6,Newport Hydrographic,NH25,9.562959623
1998,7,Newport Hydrographic,NH01,9.577407912
1998,7,Newport Hydrographic,NH03,8.844617644
1998,7,Newport Hydrographic,NH05,8.912453052
1998,7,Newport Hydrographic,NH10,9.319656421
1998,7,Newport Hydrographic,NH15,9.817048196
1998,8,Newport Hydrographic,NH01,8.828456316
1998,8,Newport Hydrographic,NH03,8.590520315
1998,8,Newport Hydrographic,NH05,8.598510097
1998,8,Newport Hydrographic,NH10,8.820553198
1998,8,Newport Hydrographic,NH15,9.105280408
1998,8,Newport Hydrographic,NH20,9.342530804
1998,8,Newport Hydrographic,NH25,9.830687157
1998,9,Newport Hydrographic,NH01,9.253633094
1998,9,Newport Hydrographic,NH03,9.537087189
1998,9,Newport Hydrographic,NH05,9.707883134
1998,9,Newport Hydrographic,NH10,9.624988641
1998,9,Newport Hydrographic,NH15,9.981124393
1998,9,Newport Hydrographic,NH20,10.45240781
1998,9,Newport Hydrographic,NH25,10.76588701
1998,10,Newport Hydrographic,NH01,12.06944205
1998,10,Newport Hydrographic,NH03,11.31374676
1998,10,Newport Hydrographic,NH05,10.24555087
1998,10,Newport Hydrographic,NH10,9.171851882
1998,10,Newport Hydrographic,NH15,9.499170839
1998,11,Newport Hydrographic,NH01,12.54131289
1998,11,Newport Hydrographic,NH03,12.09050832
1998,11,Newport Hydrographic,NH05,11.68564532
1998,11,Newport Hydrographic,NH10,11.49009592
1998,11,Newport Hydrographic,NH15,11.09992592
1998,11,Newport Hydrographic,NH20,10.67706061
1998,11,Newport Hydrographic,NH25,11.11148004
1999,2,Newport Hydrographic,NH03,9.217785654
1999,2,Newport Hydrographic,NH05,9.252470596
1999,2,Newport Hydrographic,NH10,9.251774694
1999,2,Newport Hydrographic,NH15,9.310658836
1999,2,Newport Hydrographic,NH20,9.310108931
1999,2,Newport Hydrographic,NH25,9.308585889
1999,3,Newport Hydrographic,NH01,9.134921024
1999,3,Newport Hydrographic,NH03,9.262025019
1999,3,Newport Hydrographic,NH05,9.279387474
1999,3,Newport Hydrographic,NH10,9.283094966
1999,3,Newport Hydrographic,NH15,9.208865538
1999,4,Newport Hydrographic,NH01,9.101144206
1999,4,Newport Hydrographic,NH03,8.702145205
1999,4,Newport Hydrographic,NH05,8.898651426
1999,4,Newport Hydrographic,NH10,8.936452906
1999,4,Newport Hydrographic,NH15,9.125992871
1999,4,Newport Hydrographic,NH20,9.175323265
1999,4,Newport Hydrographic,NH25,9.111279974
1999,5,Newport Hydrographic,NH01,10.46398501
1999,5,Newport Hydrographic,NH03,9.217404355
1999,5,Newport Hydrographic,NH05,8.344690914
1999,5,Newport Hydrographic,NH10,8.415056696
1999,5,Newport Hydrographic,NH15,9.089174212
1999,5,Newport Hydrographic,NH20,9.346533722
1999,6,Newport Hydrographic,NH01,10.43
1999,6,Newport Hydrographic,NH03,8.776695687
1999,6,Newport Hydrographic,NH05,8.448966278
1999,6,Newport Hydrographic,NH10,8.097798793
1999,6,Newport Hydrographic,NH15,8.621444107
1999,6,Newport Hydrographic,NH20,9.212293744
1999,7,Newport Hydrographic,NH01,8.154478234
1999,7,Newport Hydrographic,NH03,7.92692899
1999,7,Newport Hydrographic,NH05,7.917183995
1999,7,Newport Hydrographic,NH10,8.385009142
1999,7,Newport Hydrographic,NH15,8.814478842
1999,7,Newport Hydrographic,NH20,9.11979216
1999,7,Newport Hydrographic,NH25,9.312904069
1999,8,Newport Hydrographic,NH01,12.50273674
1999,8,Newport Hydrographic,NH03,10.13610438
1999,8,Newport Hydrographic,NH05,11.19281987
1999,8,Newport Hydrographic,NH10,9.642554512
1999,8,Newport Hydrographic,NH15,8.91229435
1999,9,Newport Hydrographic,NH01,8.776251411
1999,9,Newport Hydrographic,NH03,8.393167532
1999,9,Newport Hydrographic,NH05,8.430368931
1999,9,Newport Hydrographic,NH10,8.533110593
1999,9,Newport Hydrographic,NH15,8.886460728
1999,9,Newport Hydrographic,NH20,9.075123342
1999,9,Newport Hydrographic,NH25,9.117209978
1999,10,Newport Hydrographic,NH01,8.720831469
1999,10,Newport Hydrographic,NH03,8.622286962
1999,10,Newport Hydrographic,NH05,8.881889494
1999,10,Newport Hydrographic,NH10,8.993485116
1999,11,Newport Hydrographic,NH03,10.15826193
1999,11,Newport Hydrographic,NH05,9.990019285
1999,11,Newport Hydrographic,NH10,9.363411791
1999,11,Newport Hydrographic,NH15,9.437421661
1999,11,Newport Hydrographic,NH20,9.236673443
1999,11,Newport Hydrographic,NH25,9.271262631
1999,12,Newport Hydrographic,NH01,10.8379222
1999,12,Newport Hydrographic,NH03,10.99255002
1999,12,Newport Hydrographic,NH05,11.06073557
1999,12,Newport Hydrographic,NH10,11.13372711
1999,12,Newport Hydrographic,NH15,10.90369119
2000,1,Newport Hydrographic,NH01,9.394410585
2000,1,Newport Hydrographic,NH03,9.661293507
2000,1,Newport Hydrographic,NH05,9.787554326
2000,1,Newport Hydrographic,NH10,9.915272866
2000,2,Newport Hydrographic,NH01,9.99654007
2000,2,Newport Hydrographic,NH03,9.84795718
2000,2,Newport Hydrographic,NH05,9.978558603
2000,2,Newport Hydrographic,NH10,10.02198088
2000,2,Newport Hydrographic,NH15,10.17960952
2000,2,Newport Hydrographic,NH20,9.821439991
2000,2,Newport Hydrographic,NH25,9.673515185
2000,3,Newport Hydrographic,NH01,10.33014998
2000,3,Newport Hydrographic,NH03,10.06567114
2000,3,Newport Hydrographic,NH05,9.766783337
2000,3,Newport Hydrographic,NH10,9.991901274
2000,3,Newport Hydrographic,NH15,9.500904919
2000,4,Newport Hydrographic,NH01,11.06395282
2000,4,Newport Hydrographic,NH03,10.56044861
2000,4,Newport Hydrographic,NH05,9.294461509
2000,4,Newport Hydrographic,NH10,9.458281097
2000,4,Newport Hydrographic,NH15,9.484836856
2000,4,Newport Hydrographic,NH20,9.595363646
2000,4,Newport Hydrographic,NH25,9.714309978
2000,5,Newport Hydrographic,NH01,11.35877442
2000,5,Newport Hydrographic,NH03,10.135144
2000,5,Newport Hydrographic,NH05,9.931590056
2000,5,Newport Hydrographic,NH10,9.631623678
2000,5,Newport Hydrographic,NH15,9.863574824
2000,6,Newport Hydrographic,NH01,8.127234983
2000,6,Newport Hydrographic,NH03,8.350048132
2000,6,Newport Hydrographic,NH05,8.631165737
2000,6,Newport Hydrographic,NH10,8.479960264
2000,6,Newport Hydrographic,NH15,9.264586165
2000,6,Newport Hydrographic,NH20,9.953300028
2000,6,Newport Hydrographic,NH25,9.616192508
2000,7,Newport Hydrographic,NH01,9.065045822
2000,7,Newport Hydrographic,NH03,8.168970702
2000,7,Newport Hydrographic,NH05,7.927941888
2000,7,Newport Hydrographic,NH10,8.326837111
2000,7,Newport Hydrographic,NH15,8.43511025
2000,7,Newport Hydrographic,NH20,8.874818181
2000,7,Newport Hydrographic,NH25,9.238373737
2000,8,Newport Hydrographic,NH01,8.645906712
2000,8,Newport Hydrographic,NH03,8.140202267
2000,8,Newport Hydrographic,NH05,8.390248218
2000,8,Newport Hydrographic,NH10,8.114642746
2000,8,Newport Hydrographic,NH15,8.25933927
2000,8,Newport Hydrographic,NH20,8.74898999
2000,8,Newport Hydrographic,NH25,8.986090002
2000,9,Newport Hydrographic,NH01,9.600544985
2000,9,Newport Hydrographic,NH03,8.731456162
2000,9,Newport Hydrographic,NH05,9.23596154
2000,9,Newport Hydrographic,NH10,8.690181675
2000,9,Newport Hydrographic,NH15,8.496521243
2000,9,Newport Hydrographic,NH20,8.620663868
2000,9,Newport Hydrographic,NH25,9.468969721
2000,10,Newport Hydrographic,NH01,10.7375158
2000,10,Newport Hydrographic,NH03,10.05725893
2000,10,Newport Hydrographic,NH05,9.49216526
2000,10,Newport Hydrographic,NH10,8.908413965
2000,10,Newport Hydrographic,NH15,9.167510445
2000,11,Newport Hydrographic,NH01,11.5038191
2000,11,Newport Hydrographic,NH03,11.31307964
2000,11,Newport Hydrographic,NH05,11.16623502
2000,11,Newport Hydrographic,NH10,10.47923797
2000,11,Newport Hydrographic,NH15,9.90719667
2000,12,Newport Hydrographic,NH01,10.28684215
2000,12,Newport Hydrographic,NH03,10.39823828
2000,12,Newport Hydrographic,NH05,10.3957322
2000,12,Newport Hydrographic,NH10,10.21853926
2000,12,Newport Hydrographic,NH15,10.10013483
2001,1,Newport Hydrographic,NH01,9.948212223
2001,1,Newport Hydrographic,NH03,10.05687173
2001,1,Newport Hydrographic,NH05,10.21302327
2001,1,Newport Hydrographic,NH10,10.31945641
2001,1,Newport Hydrographic,NH15,10.3358783
2001,1,Newport Hydrographic,NH20,10.02358003
2001,1,Newport Hydrographic,NH25,10.06122992
2001,2,Newport Hydrographic,NH01,9.544496391
2001,2,Newport Hydrographic,NH03,9.543054803
2001,2,Newport Hydrographic,NH05,9.519870521
2001,2,Newport Hydrographic,NH10,9.518911834
2001,2,Newport Hydrographic,NH15,9.659374416
2001,3,Newport Hydrographic,NH01,9.826844454
2001,3,Newport Hydrographic,NH03,9.567251971
2001,3,Newport Hydrographic,NH05,9.445190837
2001,3,Newport Hydrographic,NH10,9.573049693
2001,3,Newport Hydrographic,NH15,9.637054335
2001,3,Newport Hydrographic,NH20,9.585446477
2001,3,Newport Hydrographic,NH25,9.592395463
2001,4,Newport Hydrographic,NH01,10.39083512
2001,4,Newport Hydrographic,NH03,9.652500814
2001,4,Newport Hydrographic,NH05,9.517998152
2001,4,Newport Hydrographic,NH10,9.2045904
2001,4,Newport Hydrographic,NH15,9.36305906
2001,4,Newport Hydrographic,NH20,9.467206964
2001,4,Newport Hydrographic,NH25,9.568880005
2001,5,Newport Hydrographic,NH01,9.304172468
2001,5,Newport Hydrographic,NH03,8.90479632
2001,5,Newport Hydrographic,NH05,8.584856093
2001,5,Newport Hydrographic,NH10,8.783800211
2001,5,Newport Hydrographic,NH15,9.219076639
2001,5,Newport Hydrographic,NH20,9.380625978
2001,5,Newport Hydrographic,NH25,9.570435972
2001,6,Newport Hydrographic,NH01,8.785032097
2001,6,Newport Hydrographic,NH03,7.995955495
2001,6,Newport Hydrographic,NH05,8.262789232
2001,6,Newport Hydrographic,NH10,8.562210458
2001,6,Newport Hydrographic,NH15,9.17690986
2001,6,Newport Hydrographic,NH20,9.4217575
2001,6,Newport Hydrographic,NH25,9.752970505
2001,7,Newport Hydrographic,NH01,8.248533281
2001,7,Newport Hydrographic,NH03,8.363525328
2001,7,Newport Hydrographic,NH05,8.083252877
2001,7,Newport Hydrographic,NH10,8.379733962
2001,7,Newport Hydrographic,NH15,8.815516031
2001,7,Newport Hydrographic,NH20,8.768035179
2001,7,Newport Hydrographic,NH25,8.851187357
2001,8,Newport Hydrographic,NH01,11.54016054
2001,8,Newport Hydrographic,NH03,10.01049669
2001,8,Newport Hydrographic,NH05,9.422199368
2001,8,Newport Hydrographic,NH10,8.899439031
2001,8,Newport Hydrographic,NH15,8.683471815
2001,8,Newport Hydrographic,NH20,8.821050002
2001,8,Newport Hydrographic,NH25,8.82310402
2001,9,Newport Hydrographic,NH01,10.02072332
2001,9,Newport Hydrographic,NH03,8.997079204
2001,9,Newport Hydrographic,NH05,8.602416964
2001,9,Newport Hydrographic,NH10,8.624738608
2001,9,Newport Hydrographic,NH15,9.104542336
2001,9,Newport Hydrographic,NH20,9.306871672
2001,9,Newport Hydrographic,NH25,9.436975668
2001,10,Newport Hydrographic,NH01,9.692903015
2001,10,Newport Hydrographic,NH03,9.481672322
2001,10,Newport Hydrographic,NH05,9.079473295
2001,10,Newport Hydrographic,NH10,8.585935625
2001,10,Newport Hydrographic,NH15,8.667408022
2001,11,Newport Hydrographic,NH01,10.96860749
2001,11,Newport Hydrographic,NH03,10.85470128
2001,11,Newport Hydrographic,NH05,10.55902017
2001,11,Newport Hydrographic,NH10,10.20452746
2001,11,Newport Hydrographic,NH15,10.14837214
2001,11,Newport Hydrographic,NH20,9.957726919
2001,11,Newport Hydrographic,NH25,9.989341158
2002,1,Newport Hydrographic,NH01,10.41049994
2002,1,Newport Hydrographic,NH03,10.55661341
2002,1,Newport Hydrographic,NH05,10.5812176
2002,1,Newport Hydrographic,NH10,10.59341466
2002,1,Newport Hydrographic,NH15,10.60686146
2002,1,Newport Hydrographic,NH20,10.57895255
2002,1,Newport Hydrographic,NH25,10.60444286
2002,2,Newport Hydrographic,NH01,9.537400055
2002,2,Newport Hydrographic,NH03,9.628902435
2002,2,Newport Hydrographic,NH05,9.713603685
2002,2,Newport Hydrographic,NH10,9.638799947
2002,2,Newport Hydrographic,NH15,9.597459738
2002,2,Newport Hydrographic,NH20,9.448550974
2002,2,Newport Hydrographic,NH25,9.629755088
2002,3,Newport Hydrographic,NH01,9.488285247
2002,3,Newport Hydrographic,NH03,9.442598862
2002,3,Newport Hydrographic,NH05,9.103869698
2002,3,Newport Hydrographic,NH10,9.019133085
2002,3,Newport Hydrographic,NH15,9.264895261
2002,3,Newport Hydrographic,NH20,9.333701022
2002,3,Newport Hydrographic,NH25,9.238542008
2002,4,Newport Hydrographic,NH01,9.101011947
2002,4,Newport Hydrographic,NH03,8.813412352
2002,4,Newport Hydrographic,NH05,8.514148514
2002,4,Newport Hydrographic,NH10,8.784605935
2002,4,Newport Hydrographic,NH15,9.0069492
2002,4,Newport Hydrographic,NH20,8.861818567
2002,4,Newport Hydrographic,NH25,9.014743674
2002,5,Newport Hydrographic,NH01,9.622875534
2002,5,Newport Hydrographic,NH03,8.803926396
2002,5,Newport Hydrographic,NH05,8.530177795
2002,5,Newport Hydrographic,NH10,8.569404843
2002,5,Newport Hydrographic,NH15,8.726881755
2002,5,Newport Hydrographic,NH20,8.680286012
2002,5,Newport Hydrographic,NH25,8.96926825
2002,6,Newport Hydrographic,NH01,9.707949973
2002,6,Newport Hydrographic,NH03,8.786483022
2002,6,Newport Hydrographic,NH05,8.349897724
2002,6,Newport Hydrographic,NH10,8.328904957
2002,6,Newport Hydrographic,NH15,8.572325252
2002,6,Newport Hydrographic,NH20,8.804410578
2002,6,Newport Hydrographic,NH25,9.054503662
2002,7,Newport Hydrographic,NH01,8.425377302
2002,7,Newport Hydrographic,NH03,8.000044052
2002,7,Newport Hydrographic,NH05,7.927368675
2002,7,Newport Hydrographic,NH10,7.860598892
2002,7,Newport Hydrographic,NH15,8.254626229
2002,7,Newport Hydrographic,NH20,8.19904849
2002,7,Newport Hydrographic,NH25,8.527835496
2002,8,Newport Hydrographic,NH01,8.094883308
2002,8,Newport Hydrographic,NH03,7.701888712
2002,8,Newport Hydrographic,NH05,7.727517764
2002,8,Newport Hydrographic,NH10,8.108314944
2002,8,Newport Hydrographic,NH15,8.091170028
2002,8,Newport Hydrographic,NH20,8.249661621
2002,8,Newport Hydrographic,NH25,8.260197289
2002,9,Newport Hydrographic,NH03,8.064951269
2002,9,Newport Hydrographic,NH05,8.230320787
2002,9,Newport Hydrographic,NH10,8.031662129
2002,9,Newport Hydrographic,NH15,8.220674415
2002,9,Newport Hydrographic,NH20,8.427232352
2002,9,Newport Hydrographic,NH25,8.891760015
2002,10,Newport Hydrographic,NH01,8.433165367
2002,10,Newport Hydrographic,NH03,8.334010478
2002,10,Newport Hydrographic,NH05,8.036738554
2002,10,Newport Hydrographic,NH10,8.073613943
2002,10,Newport Hydrographic,NH15,7.983497478
2002,10,Newport Hydrographic,NH20,8.263531013
2002,10,Newport Hydrographic,NH25,8.284161997
2002,11,Newport Hydrographic,NH01,8.139156507
2002,11,Newport Hydrographic,NH03,8.035538587
2002,11,Newport Hydrographic,NH05,8.060958484
2002,11,Newport Hydrographic,NH10,7.967447242
2002,11,Newport Hydrographic,NH15,8.230287943
2002,11,Newport Hydrographic,NH20,8.02485302
2002,11,Newport Hydrographic,NH25,8.192994022
2002,12,Newport Hydrographic,NH01,12.21183998
2002,12,Newport Hydrographic,NH03,11.42379544
2002,12,Newport Hydrographic,NH05,10.80672545
2002,12,Newport Hydrographic,NH10,10.80342667
2002,12,Newport Hydrographic,NH15,10.87130951
2002,12,Newport Hydrographic,NH20,10.58051995
2002,12,Newport Hydrographic,NH25,10.35034342
2003,1,Newport Hydrographic,NH01,11.18148752
2003,1,Newport Hydrographic,NH03,11.34844416
2003,1,Newport Hydrographic,NH05,11.47043726
2003,1,Newport Hydrographic,NH10,11.38241217
2003,1,Newport Hydrographic,NH15,11.23122693
2003,1,Newport Hydrographic,NH20,11.370888
2003,1,Newport Hydrographic,NH25,11.26500703
2003,2,Newport Hydrographic,NH01,10.99943583
2003,2,Newport Hydrographic,NH03,10.97916561
2003,2,Newport Hydrographic,NH05,10.71580333
2003,2,Newport Hydrographic,NH10,10.5183268
2003,2,Newport Hydrographic,NH15,10.51718397
2003,2,Newport Hydrographic,NH20,10.32522043
2003,2,Newport Hydrographic,NH25,10.43308408
2003,3,Newport Hydrographic,NH01,10.91458488
2003,3,Newport Hydrographic,NH03,10.82768629
2003,3,Newport Hydrographic,NH05,10.77839111
2003,3,Newport Hydrographic,NH10,10.67964802
2003,3,Newport Hydrographic,NH15,10.45066628
2003,4,Newport Hydrographic,NH01,11.4856143
2003,4,Newport Hydrographic,NH03,11.11710538
2003,4,Newport Hydrographic,NH05,10.86254186
2003,4,Newport Hydrographic,NH10,10.39860399
2003,4,Newport Hydrographic,NH15,10.37760489
2003,4,Newport Hydrographic,NH20,10.33057353
2003,4,Newport Hydrographic,NH25,10.2878407
2003,5,Newport Hydrographic,NH01,11.06610064
2003,5,Newport Hydrographic,NH03,10.23474177
2003,5,Newport Hydrographic,NH05,10.25075805
2003,5,Newport Hydrographic,NH10,9.831090625
2003,5,Newport Hydrographic,NH15,9.981624386
2003,5,Newport Hydrographic,NH20,10.14751649
2003,5,Newport Hydrographic,NH25,10.38633145
2003,6,Newport Hydrographic,NH01,8.79275269
2003,6,Newport Hydrographic,NH03,8.030986388
2003,6,Newport Hydrographic,NH05,7.894201423
2003,6,Newport Hydrographic,NH10,8.202919531
2003,6,Newport Hydrographic,NH15,8.889265614
2003,6,Newport Hydrographic,NH20,9.152894268
2003,6,Newport Hydrographic,NH25,9.630596004
2003,7,Newport Hydrographic,NH01,9.659937024
2003,7,Newport Hydrographic,NH03,9.164723722
2003,7,Newport Hydrographic,NH05,8.342850338
2003,7,Newport Hydrographic,NH10,8.423145171
2003,7,Newport Hydrographic,NH15,8.550045561
2003,7,Newport Hydrographic,NH20,9.225022593
2003,7,Newport Hydrographic,NH25,9.525861604
2003,8,Newport Hydrographic,NH01,8.079200003
2003,8,Newport Hydrographic,NH03,8.010524977
2003,8,Newport Hydrographic,NH05,8.432157277
2003,8,Newport Hydrographic,NH10,8.273449215
2003,8,Newport Hydrographic,NH15,7.904318915
2003,8,Newport Hydrographic,NH20,8.365396013
2003,8,Newport Hydrographic,NH25,8.06806098
2003,9,Newport Hydrographic,NH01,9.06237877
2003,9,Newport Hydrographic,NH03,8.478216608
2003,9,Newport Hydrographic,NH05,8.208832976
2003,9,Newport Hydrographic,NH10,8.270646328
2003,9,Newport Hydrographic,NH15,8.591678147
2003,9,Newport Hydrographic,NH20,8.739339768
2003,9,Newport Hydrographic,NH25,9.234293033
2003,10,Newport Hydrographic,NH01,13.42346177
2003,10,Newport Hydrographic,NH03,10.81196099
2003,10,Newport Hydrographic,NH05,10.80990108
2003,10,Newport Hydrographic,NH10,9.953662223
2003,10,Newport Hydrographic,NH15,9.991840749
2003,10,Newport Hydrographic,NH20,9.915531726
2003,10,Newport Hydrographic,NH25,10.97093261
2003,11,Newport Hydrographic,NH01,12.02092145
2003,11,Newport Hydrographic,NH03,11.58945888
2003,11,Newport Hydrographic,NH05,11.21037716
2003,11,Newport Hydrographic,NH10,10.45288007
2003,11,Newport Hydrographic,NH15,10.46089007
2003,11,Newport Hydrographic,NH20,9.739509992
2003,11,Newport Hydrographic,NH25,9.737882189
2004,1,Newport Hydrographic,NH01,10.34487895
2004,1,Newport Hydrographic,NH03,10.50207852
2004,1,Newport Hydrographic,NH05,10.57762412
2004,1,Newport Hydrographic,NH10,10.53110644
2004,1,Newport Hydrographic,NH15,10.70719582
2004,1,Newport Hydrographic,NH20,10.6430798
2004,1,Newport Hydrographic,NH25,10.88827041
2004,2,Newport Hydrographic,NH01,10.29500537
2004,2,Newport Hydrographic,NH03,10.37364449
2004,2,Newport Hydrographic,NH05,10.39315692
2004,2,Newport Hydrographic,NH10,10.47787062
2004,2,Newport Hydrographic,NH15,10.53060351
2004,2,Newport Hydrographic,NH20,10.58887452
2004,2,Newport Hydrographic,NH25,10.54873942
2004,3,Newport Hydrographic,NH01,10.54855995
2004,3,Newport Hydrographic,NH03,10.294553
2004,3,Newport Hydrographic,NH05,10.11459409
2004,3,Newport Hydrographic,NH10,10.09391791
2004,3,Newport Hydrographic,NH15,10.19078929
2004,3,Newport Hydrographic,NH20,10.02839979
2004,3,Newport Hydrographic,NH25,10.08184716
2004,4,Newport Hydrographic,NH01,9.774499953
2004,4,Newport Hydrographic,NH03,9.369353494
2004,4,Newport Hydrographic,NH05,9.413856058
2004,4,Newport Hydrographic,NH10,9.500227307
2004,4,Newport Hydrographic,NH15,10.07010277
2004,4,Newport Hydrographic,NH20,9.737273498
2004,4,Newport Hydrographic,NH25,9.997443861
2004,5,Newport Hydrographic,NH01,11.63345547
2004,5,Newport Hydrographic,NH03,10.5922136
2004,5,Newport Hydrographic,NH05,10.05403588
2004,5,Newport Hydrographic,NH10,9.124945245
2004,5,Newport Hydrographic,NH15,9.492473876
2004,5,Newport Hydrographic,NH20,9.688565778
2004,5,Newport Hydrographic,NH25,10.07950299
2004,6,Newport Hydrographic,NH01,12.16459761
2004,6,Newport Hydrographic,NH03,9.574584313
2004,6,Newport Hydrographic,NH05,9.237625511
2004,6,Newport Hydrographic,NH10,8.943882374
2004,6,Newport Hydrographic,NH15,9.100054945
2004,6,Newport Hydrographic,NH20,9.3779757
2004,6,Newport Hydrographic,NH25,9.688568899
2004,7,Newport Hydrographic,NH01,10.28700596
2004,7,Newport Hydrographic,NH03,9.125487734
2004,7,Newport Hydrographic,NH05,8.600960012
2004,7,Newport Hydrographic,NH10,8.67037327
2004,7,Newport Hydrographic,NH15,8.783644722
2004,7,Newport Hydrographic,NH20,9.417477141
2004,7,Newport Hydrographic,NH25,9.469713194
2004,8,Newport Hydrographic,NH01,10.33054449
2004,8,Newport Hydrographic,NH03,9.43437869
2004,8,Newport Hydrographic,NH05,9.55491416
2004,8,Newport Hydrographic,NH10,9.183553561
2004,8,Newport Hydrographic,NH15,8.891803995
2004,8,Newport Hydrographic,NH20,8.965999828
2004,8,Newport Hydrographic,NH25,9.115232118
2004,9,Newport Hydrographic,NH01,13.80245888
2004,9,Newport Hydrographic,NH03,9.675575799
2004,9,Newport Hydrographic,NH05,9.451631804
2004,9,Newport Hydrographic,NH10,9.046211466
2004,9,Newport Hydrographic,NH15,9.101386418
2004,9,Newport Hydrographic,NH20,9.053185676
2004,9,Newport Hydrographic,NH25,9.368082579
2004,10,Newport Hydrographic,NH01,11.00713119
2004,10,Newport Hydrographic,NH03,10.55767692
2004,10,Newport Hydrographic,NH05,10.76315263
2004,10,Newport Hydrographic,NH10,10.22258667
2004,10,Newport Hydrographic,NH15,9.698279975
2004,10,Newport Hydrographic,NH20,9.501777552
2004,10,Newport Hydrographic,NH25,9.703538758
2004,11,Newport Hydrographic,NH01,10.79529379
2004,11,Newport Hydrographic,NH03,10.05721612
2004,11,Newport Hydrographic,NH05,10.05355807
2004,11,Newport Hydrographic,NH10,10.0277534
2004,11,Newport Hydrographic,NH15,9.826613934
2004,11,Newport Hydrographic,NH20,9.749541375
2004,11,Newport Hydrographic,NH25,9.67170819
2004,12,Newport Hydrographic,NH01,10.35089538
2004,12,Newport Hydrographic,NH03,10.50963623
2004,12,Newport Hydrographic,NH05,10.41221384
2004,12,Newport Hydrographic,NH10,10.18596535
2004,12,Newport Hydrographic,NH15,10.18076195
2005,1,Newport Hydrographic,NH05,10.1227709
2005,2,Newport Hydrographic,NH01,10.51260396
2005,2,Newport Hydrographic,NH03,10.52960872
2005,2,Newport Hydrographic,NH05,10.49057777
2005,2,Newport Hydrographic,NH10,10.38813085
2005,2,Newport Hydrographic,NH15,10.44279718
2005,2,Newport Hydrographic,NH20,10.46116976
2005,2,Newport Hydrographic,NH25,10.48194753
2005,3,Newport Hydrographic,NH01,10.85594506
2005,3,Newport Hydrographic,NH03,10.63115114
2005,3,Newport Hydrographic,NH05,10.29015255
2005,3,Newport Hydrographic,NH10,10.13859488
2005,3,Newport Hydrographic,NH15,10.52239883
2005,4,Newport Hydrographic,NH01,10.96896103
2005,4,Newport Hydrographic,NH03,10.62679127
2005,4,Newport Hydrographic,NH05,10.76548592
2005,4,Newport Hydrographic,NH10,10.14786837
2005,4,Newport Hydrographic,NH15,10.32900722
2005,4,Newport Hydrographic,NH20,10.62937598
2005,4,Newport Hydrographic,NH25,10.64158703
2005,5,Newport Hydrographic,NH05,10.08338638
2005,5,Newport Hydrographic,NH10,11.21999999
2005,5,Newport Hydrographic,NH15,10.82494874
2005,5,Newport Hydrographic,NH20,10.3281818
2005,5,Newport Hydrographic,NH25,10.97501019
2005,6,Newport Hydrographic,NH01,14.10947621
2005,6,Newport Hydrographic,NH03,12.66675638
2005,6,Newport Hydrographic,NH05,12.1182795
2005,6,Newport Hydrographic,NH10,10.83974633
2005,6,Newport Hydrographic,NH15,11.0170184
2005,6,Newport Hydrographic,NH20,10.66687881
2005,6,Newport Hydrographic,NH25,10.82215977
2005,7,Newport Hydrographic,NH01,13.55005881
2005,7,Newport Hydrographic,NH03,9.82485678
2005,7,Newport Hydrographic,NH05,8.645197258
2005,7,Newport Hydrographic,NH10,9.448259698
2005,7,Newport Hydrographic,NH15,10.17473924
2005,7,Newport Hydrographic,NH20,11.01099898
2005,7,Newport Hydrographic,NH25,11.12456798
2005,8,Newport Hydrographic,NH01,7.778472265
2005,8,Newport Hydrographic,NH03,7.900939862
2005,8,Newport Hydrographic,NH05,8.170745894
2005,8,Newport Hydrographic,NH10,8.466729633
2005,8,Newport Hydrographic,NH15,8.682008047
2005,8,Newport Hydrographic,NH20,9.141420773
2005,8,Newport Hydrographic,NH25,9.709852522
2005,9,Newport Hydrographic,NH01,9.105447096
2005,9,Newport Hydrographic,NH03,8.232801926
2005,9,Newport Hydrographic,NH05,8.311655815
2005,9,Newport Hydrographic,NH10,8.280121906
2005,9,Newport Hydrographic,NH15,8.549493863
2005,9,Newport Hydrographic,NH20,8.755254462
2005,9,Newport Hydrographic,NH25,8.931156767
2005,10,Newport Hydrographic,NH01,12.15953845
2005,10,Newport Hydrographic,NH03,11.97372499
2005,10,Newport Hydrographic,NH05,11.00933331
2005,10,Newport Hydrographic,NH10,9.952532521
2005,10,Newport Hydrographic,NH15,9.500823503
2005,10,Newport Hydrographic,NH20,9.568255074
2005,10,Newport Hydrographic,NH25,9.864102033
2005,11,Newport Hydrographic,NH01,11.39379443
2005,11,Newport Hydrographic,NH03,11.54002491
2005,11,Newport Hydrographic,NH05,11.54394616
2005,11,Newport Hydrographic,NH10,11.33864939
2005,11,Newport Hydrographic,NH15,11.45634052
2005,11,Newport Hydrographic,NH20,10.77017899
2005,11,Newport Hydrographic,NH25,10.55246201
2005,12,Newport Hydrographic,NH01,9.642799968
2005,12,Newport Hydrographic,NH03,10.23145209
2005,12,Newport Hydrographic,NH05,10.57890685
2005,12,Newport Hydrographic,NH10,10.68714352
2005,12,Newport Hydrographic,NH15,10.79243133
2005,12,Newport Hydrographic,NH20,10.48687071
2005,12,Newport Hydrographic,NH25,10.04067175
2006,2,Newport Hydrographic,NH01,10.41909059
2006,2,Newport Hydrographic,NH03,10.26350888
2006,2,Newport Hydrographic,NH05,10.10734909
2006,2,Newport Hydrographic,NH10,10.04567604
2006,2,Newport Hydrographic,NH15,10.40378149
2006,2,Newport Hydrographic,NH20,10.30314102
2006,2,Newport Hydrographic,NH25,10.39449702
2006,3,Newport Hydrographic,NH01,10.16250992
2006,3,Newport Hydrographic,NH03,10.13914548
2006,3,Newport Hydrographic,NH05,10.08675459
2006,4,Newport Hydrographic,NH01,10.95641196
2006,4,Newport Hydrographic,NH03,10.52043703
2006,4,Newport Hydrographic,NH05,10.42979143
2006,4,Newport Hydrographic,NH10,10.14530962
2006,4,Newport Hydrographic,NH15,10.40983981
2006,4,Newport Hydrographic,NH20,10.35946654
2006,4,Newport Hydrographic,NH25,10.19167399
2006,5,Newport Hydrographic,NH01,12.68488002
2006,5,Newport Hydrographic,NH03,11.77701554
2006,5,Newport Hydrographic,NH05,8.94794567
2006,5,Newport Hydrographic,NH10,9.532818172
2006,5,Newport Hydrographic,NH15,9.547649652
2006,5,Newport Hydrographic,NH20,9.861472256
2006,5,Newport Hydrographic,NH25,10.05232499
2006,6,Newport Hydrographic,NH01,10.74610685
2006,6,Newport Hydrographic,NH03,9.045407263
2006,6,Newport Hydrographic,NH05,9.355166142
2006,6,Newport Hydrographic,NH10,9.398048872
2006,6,Newport Hydrographic,NH15,9.529832584
2006,6,Newport Hydrographic,NH20,9.875810478
2006,6,Newport Hydrographic,NH25,10.62474803
2006,7,Newport Hydrographic,NH01,9.786197436
2006,7,Newport Hydrographic,NH03,8.743107409
2006,7,Newport Hydrographic,NH05,8.474170135
2006,7,Newport Hydrographic,NH10,8.913734706
2006,7,Newport Hydrographic,NH15,9.118430504
2006,7,Newport Hydrographic,NH20,9.266266003
2006,7,Newport Hydrographic,NH25,9.711398983
2006,8,Newport Hydrographic,NH01,8.374742521
2006,8,Newport Hydrographic,NH03,8.254045632
2006,8,Newport Hydrographic,NH05,8.318472358
2006,8,Newport Hydrographic,NH10,8.547801798
2006,8,Newport Hydrographic,NH15,8.915549687
2006,8,Newport Hydrographic,NH20,9.192773051
2006,8,Newport Hydrographic,NH25,9.526686188
2006,9,Newport Hydrographic,NH01,10.59642351
2006,9,Newport Hydrographic,NH03,9.403190599
2006,9,Newport Hydrographic,NH05,9.02808295
2006,9,Newport Hydrographic,NH10,8.905731713
2006,9,Newport Hydrographic,NH15,9.353991075
2006,9,Newport Hydrographic,NH20,9.397105374
2006,9,Newport Hydrographic,NH25,9.457834701
2006,10,Newport Hydrographic,NH01,9.542655985
2006,10,Newport Hydrographic,NH03,9.416998927
2006,10,Newport Hydrographic,NH05,9.27329479
2006,10,Newport Hydrographic,NH10,8.803028189
2006,10,Newport Hydrographic,NH15,8.978926907
2006,10,Newport Hydrographic,NH20,9.059072504
2006,10,Newport Hydrographic,NH25,9.632520066
2006,11,Newport Hydrographic,NH01,11.33879173
2006,11,Newport Hydrographic,NH03,11.247587
2006,11,Newport Hydrographic,NH05,11.17866606
2006,11,Newport Hydrographic,NH10,10.9091151
2006,11,Newport Hydrographic,NH15,11.23194442
2006,12,Newport Hydrographic,NH01,10.97458567
2006,12,Newport Hydrographic,NH03,11.10915107
2006,12,Newport Hydrographic,NH05,11.07853563
2006,12,Newport Hydrographic,NH10,10.98299129
2006,12,Newport Hydrographic,NH15,10.79536627
2006,12,Newport Hydrographic,NH20,11.01285899
2006,12,Newport Hydrographic,NH25,10.90950901
2007,1,Newport Hydrographic,NH01,9.378194483
2007,1,Newport Hydrographic,NH03,9.812909305
2007,1,Newport Hydrographic,NH05,9.595975424
2007,1,Newport Hydrographic,NH10,9.696605972
2007,1,Newport Hydrographic,NH15,9.986649939
2007,1,Newport Hydrographic,NH20,10.04376798
2007,1,Newport Hydrographic,NH25,10.11045647
2007,2,Newport Hydrographic,NH01,9.645999908
2007,2,Newport Hydrographic,NH03,9.53659306
2007,2,Newport Hydrographic,NH05,9.670222212
2007,2,Newport Hydrographic,NH10,9.697115601
2007,2,Newport Hydrographic,NH15,9.535134497
2007,2,Newport Hydrographic,NH20,9.559238997
2007,2,Newport Hydrographic,NH25,9.615745001
2007,3,Newport Hydrographic,NH01,10.11259967
2007,3,Newport Hydrographic,NH03,9.968314938
2007,3,Newport Hydrographic,NH05,9.609592676
2007,3,Newport Hydrographic,NH10,9.55760068
2007,3,Newport Hydrographic,NH15,9.648645537
2007,3,Newport Hydrographic,NH20,9.640016984
2007,3,Newport Hydrographic,NH25,9.755779222
2007,4,Newport Hydrographic,NH01,10.6067
2007,4,Newport Hydrographic,NH03,9.505513625
2007,4,Newport Hydrographic,NH05,9.256073667
2007,4,Newport Hydrographic,NH10,9.221121874
2007,4,Newport Hydrographic,NH15,9.522858799
2007,4,Newport Hydrographic,NH20,9.481245926
2007,4,Newport Hydrographic,NH25,9.441197423
2007,5,Newport Hydrographic,NH01,9.855361631
2007,5,Newport Hydrographic,NH03,9.203259536
2007,5,Newport Hydrographic,NH05,8.263220236
2007,5,Newport Hydrographic,NH10,7.978934185
2007,5,Newport Hydrographic,NH15,8.783738195
2007,5,Newport Hydrographic,NH20,9.034686961
2007,5,Newport Hydrographic,NH25,9.394744459
2007,6,Newport Hydrographic,NH01,9.804543634
2007,6,Newport Hydrographic,NH03,8.867248553
2007,6,Newport Hydrographic,NH05,8.89497646
2007,6,Newport Hydrographic,NH10,9.073490897
2007,6,Newport Hydrographic,NH15,9.097110054
2007,6,Newport Hydrographic,NH20,8.984835347
2007,6,Newport Hydrographic,NH25,9.596432016
2007,7,Newport Hydrographic,NH01,11.15999169
2007,7,Newport Hydrographic,NH03,8.69106904
2007,7,Newport Hydrographic,NH05,8.749590359
2007,7,Newport Hydrographic,NH10,8.668859712
2007,7,Newport Hydrographic,NH15,9.187769719
2007,7,Newport Hydrographic,NH20,9.514742527
2007,7,Newport Hydrographic,NH25,10.00215597
2007,8,Newport Hydrographic,NH01,9.736254041
2007,8,Newport Hydrographic,NH03,8.915749997
2007,8,Newport Hydrographic,NH05,8.521857001
2007,8,Newport Hydrographic,NH10,8.471761033
2007,8,Newport Hydrographic,NH15,8.455151865
2007,8,Newport Hydrographic,NH20,8.575294989
2007,8,Newport Hydrographic,NH25,8.792066018
2007,9,Newport Hydrographic,NH01,9.168618206
2007,9,Newport Hydrographic,NH03,8.572373161
2007,9,Newport Hydrographic,NH05,8.715162651
2007,9,Newport Hydrographic,NH10,8.494539762
2007,9,Newport Hydrographic,NH15,8.475527122
2007,9,Newport Hydrographic,NH20,8.690459013
2007,9,Newport Hydrographic,NH25,9.032806997
2007,10,Newport Hydrographic,NH01,12.0011611
2007,10,Newport Hydrographic,NH03,11.57144672
2007,10,Newport Hydrographic,NH05,11.10629015
2007,10,Newport Hydrographic,NH10,9.663097394
2007,10,Newport Hydrographic,NH15,9.860047731
2007,10,Newport Hydrographic,NH20,9.546991589
2007,10,Newport Hydrographic,NH25,9.735297778
2007,11,Newport Hydrographic,NH01,10.01278206
2007,11,Newport Hydrographic,NH03,9.783738091
2007,11,Newport Hydrographic,NH05,9.646723824
2007,11,Newport Hydrographic,NH10,9.534947019
2007,11,Newport Hydrographic,NH15,9.880344944
2007,11,Newport Hydrographic,NH20,9.793395996
2007,11,Newport Hydrographic,NH25,9.908545485
2007,12,Newport Hydrographic,NH01,9.850270828
2007,12,Newport Hydrographic,NH03,9.863406575
2007,12,Newport Hydrographic,NH05,9.853768416
2007,12,Newport Hydrographic,NH10,9.738738307
2007,12,Newport Hydrographic,NH15,9.842031379
2007,12,Newport Hydrographic,NH20,9.923640995
2007,12,Newport Hydrographic,NH25,9.759273977
2008,2,Newport Hydrographic,NH01,8.537805838
2008,2,Newport Hydrographic,NH03,8.517420422
2008,2,Newport Hydrographic,NH05,8.48766854
2008,2,Newport Hydrographic,NH10,8.53250131
2008,2,Newport Hydrographic,NH15,8.548908634
2008,2,Newport Hydrographic,NH20,8.636331005
2008,2,Newport Hydrographic,NH25,8.620547972
2008,3,Newport Hydrographic,NH01,8.904363145
2008,3,Newport Hydrographic,NH03,8.786909321
2008,3,Newport Hydrographic,NH05,8.812309238
2008,3,Newport Hydrographic,NH10,8.628582151
2008,3,Newport Hydrographic,NH15,8.552902564
2008,3,Newport Hydrographic,NH25,8.655549021
2008,4,Newport Hydrographic,NH01,9.216804934
2008,4,Newport Hydrographic,NH03,8.666155793
2008,4,Newport Hydrographic,NH05,8.283395804
2008,4,Newport Hydrographic,NH10,8.394607804
2008,4,Newport Hydrographic,NH15,8.441621485
2008,4,Newport Hydrographic,NH20,8.46921299
2008,4,Newport Hydrographic,NH25,8.300464454
2008,5,Newport Hydrographic,NH01,8.497402141
2008,5,Newport Hydrographic,NH03,8.074985296
2008,5,Newport Hydrographic,NH05,8.065720979
2008,5,Newport Hydrographic,NH10,8.115513133
2008,5,Newport Hydrographic,NH15,8.273095314
2008,5,Newport Hydrographic,NH20,8.26203011
2008,5,Newport Hydrographic,NH25,8.383701168
2008,6,Newport Hydrographic,NH01,8.700689522
2008,6,Newport Hydrographic,NH03,8.097144418
2008,6,Newport Hydrographic,NH05,7.88286867
2008,6,Newport Hydrographic,NH10,7.841755093
2008,6,Newport Hydrographic,NH15,8.255029012
2008,6,Newport Hydrographic,NH20,8.174197979
2008,6,Newport Hydrographic,NH25,8.363054004
2008,7,Newport Hydrographic,NH01,8.516499288
2008,7,Newport Hydrographic,NH03,7.950065358
2008,7,Newport Hydrographic,NH05,7.929061932
2008,7,Newport Hydrographic,NH10,8.083930156
2008,7,Newport Hydrographic,NH15,8.109527808
2008,7,Newport Hydrographic,NH20,7.951910113
2008,7,Newport Hydrographic,NH25,8.528563642
2008,8,Newport Hydrographic,NH01,11.96389119
2008,8,Newport Hydrographic,NH03,10.69822444
2008,8,Newport Hydrographic,NH05,9.025477397
2008,8,Newport Hydrographic,NH10,9.507420877
2008,8,Newport Hydrographic,NH15,9.116217785
2008,8,Newport Hydrographic,NH20,9.828370993
2008,8,Newport Hydrographic,NH25,9.256562649
2008,9,Newport Hydrographic,NH01,9.421707919
2008,9,Newport Hydrographic,NH03,9.232239291
2008,9,Newport Hydrographic,NH05,8.406094382
2008,9,Newport Hydrographic,NH10,8.410943651
2008,9,Newport Hydrographic,NH15,8.652637252
2008,9,Newport Hydrographic,NH20,8.398238492
2008,9,Newport Hydrographic,NH25,8.551228011
2008,10,Newport Hydrographic,NH01,11.10805638
2008,10,Newport Hydrographic,NH03,10.23267554
2008,10,Newport Hydrographic,NH05,9.836042749
2008,10,Newport Hydrographic,NH10,9.641690776
2008,10,Newport Hydrographic,NH15,9.259355474
2008,10,Newport Hydrographic,NH20,9.169534001
2008,10,Newport Hydrographic,NH25,9.399926333
2008,11,Newport Hydrographic,NH01,11.99366221
2008,11,Newport Hydrographic,NH03,11.82227839
2008,11,Newport Hydrographic,NH05,11.83660256
2008,11,Newport Hydrographic,NH10,10.75705884
2008,11,Newport Hydrographic,NH15,10.63698168
2008,11,Newport Hydrographic,NH20,9.754891019
2008,11,Newport Hydrographic,NH25,9.894109015
2008,12,Newport Hydrographic,NH01,11.22599644
2008,12,Newport Hydrographic,NH03,11.17927774
2008,12,Newport Hydrographic,NH05,11.01302551
2008,12,Newport Hydrographic,NH10,10.30886328
2008,12,Newport Hydrographic,NH15,9.711992025
2008,12,Newport Hydrographic,NH20,9.672993002
2008,12,Newport Hydrographic,NH25,9.439425011
2009,1,Newport Hydrographic,NH01,9.31468011
2009,1,Newport Hydrographic,NH03,9.350889972
2009,1,Newport Hydrographic,NH05,9.329325396
2009,1,Newport Hydrographic,NH10,9.147124516
2009,1,Newport Hydrographic,NH15,9.294806499
2009,1,Newport Hydrographic,NH20,9.290952506
2009,1,Newport Hydrographic,NH25,9.255651979
2009,2,Newport Hydrographic,NH01,8.689454705
2009,2,Newport Hydrographic,NH03,8.740725549
2009,2,Newport Hydrographic,NH05,8.724396898
2009,2,Newport Hydrographic,NH10,8.77830315
2009,2,Newport Hydrographic,NH15,8.933325529
2009,2,Newport Hydrographic,NH20,8.953427019
2009,2,Newport Hydrographic,NH25,8.934737463
2009,3,Newport Hydrographic,NH01,9.521840181
2009,3,Newport Hydrographic,NH03,9.473986925
2009,3,Newport Hydrographic,NH05,9.442942142
2009,3,Newport Hydrographic,NH10,9.226664075
2009,3,Newport Hydrographic,NH15,9.34800845
2009,3,Newport Hydrographic,NH20,9.345585003
2009,3,Newport Hydrographic,NH25,9.046405029
2009,4,Newport Hydrographic,NH01,8.344324694
2009,4,Newport Hydrographic,NH03,7.361604528
2009,4,Newport Hydrographic,NH05,8.104496037
2009,4,Newport Hydrographic,NH10,8.166291799
2009,4,Newport Hydrographic,NH15,8.319202083
2009,4,Newport Hydrographic,NH20,8.305621953
2009,4,Newport Hydrographic,NH25,8.58822402
2009,5,Newport Hydrographic,NH01,9.832289924
2009,5,Newport Hydrographic,NH03,9.319891161
2009,5,Newport Hydrographic,NH05,9.010545382
2009,5,Newport Hydrographic,NH10,8.354199403
2009,5,Newport Hydrographic,NH15,8.762334684
2009,5,Newport Hydrographic,NH20,8.556214008
2009,5,Newport Hydrographic,NH25,8.710172
2009,6,Newport Hydrographic,NH01,9.394408227
2009,6,Newport Hydrographic,NH03,8.013039144
2009,6,Newport Hydrographic,NH05,7.893014823
2009,6,Newport Hydrographic,NH10,8.06280699
2009,6,Newport Hydrographic,NH15,8.232015484
2009,6,Newport Hydrographic,NH20,8.335476995
2009,6,Newport Hydrographic,NH25,8.565527617
2009,7,Newport Hydrographic,NH01,8.835547645
2009,7,Newport Hydrographic,NH03,8.285470988
2009,7,Newport Hydrographic,NH05,7.908269478
2009,7,Newport Hydrographic,NH10,8.285286731
2009,7,Newport Hydrographic,NH15,8.171646623
2009,7,Newport Hydrographic,NH20,8.409264505
2009,7,Newport Hydrographic,NH25,8.650673047
2009,8,Newport Hydrographic,NH01,10.5532916
2009,8,Newport Hydrographic,NH03,9.472695869
2009,8,Newport Hydrographic,NH05,8.713313384
2009,8,Newport Hydrographic,NH10,8.588558886
2009,8,Newport Hydrographic,NH15,8.662549614
2009,8,Newport Hydrographic,NH20,8.58877492
2009,8,Newport Hydrographic,NH25,8.946233213
2009,9,Newport Hydrographic,NH01,13.66650402
2009,9,Newport Hydrographic,NH03,9.993640878
2009,9,Newport Hydrographic,NH05,9.75266718
2009,9,Newport Hydrographic,NH10,9.224215041
2009,9,Newport Hydrographic,NH15,8.936771022
2009,9,Newport Hydrographic,NH20,9.395012491
2009,9,Newport Hydrographic,NH25,9.620434487
2009,10,Newport Hydrographic,NH01,10.78403531
2009,10,Newport Hydrographic,NH03,10.97828883
2009,10,Newport Hydrographic,NH05,10.07875719
2009,10,Newport Hydrographic,NH10,9.125287779
2009,10,Newport Hydrographic,NH15,9.282026711
2009,10,Newport Hydrographic,NH20,9.479949985
2009,10,Newport Hydrographic,NH25,9.666128528
2009,11,Newport Hydrographic,NH01,11.91128554
2009,11,Newport Hydrographic,NH03,11.66950026
2009,11,Newport Hydrographic,NH05,11.59916809
2009,11,Newport Hydrographic,NH10,10.75035317
2009,11,Newport Hydrographic,NH15,10.31817503
2009,11,Newport Hydrographic,NH20,10.53762625
2009,11,Newport Hydrographic,NH25,10.71839189
2009,12,Newport Hydrographic,NH01,10.44795165
2009,12,Newport Hydrographic,NH03,10.47357234
2009,12,Newport Hydrographic,NH05,10.26638455
2009,12,Newport Hydrographic,NH10,10.77474432
2009,12,Newport Hydrographic,NH15,11.03636054
2009,12,Newport Hydrographic,NH20,10.90456506
2009,12,Newport Hydrographic,NH25,10.45784499
2010,2,Newport Hydrographic,NH01,10.8195603
2010,2,Newport Hydrographic,NH03,10.88081147
2010,2,Newport Hydrographic,NH05,10.87928332
2010,2,Newport Hydrographic,NH10,10.89677311
2010,2,Newport Hydrographic,NH15,10.86462323
2010,2,Newport Hydrographic,NH20,10.77969151
2010,2,Newport Hydrographic,NH25,10.8752763
2010,3,Newport Hydrographic,NH01,10.83459997
2010,3,Newport Hydrographic,NH03,10.7518046
2010,3,Newport Hydrographic,NH05,10.45310578
2010,3,Newport Hydrographic,NH10,10.41997536
2010,3,Newport Hydrographic,NH15,10.61494025
2010,3,Newport Hydrographic,NH20,10.639842
2010,3,Newport Hydrographic,NH25,10.574053
2010,4,Newport Hydrographic,NH01,10.85477996
2010,4,Newport Hydrographic,NH03,10.60301298
2010,4,Newport Hydrographic,NH05,10.36418034
2010,4,Newport Hydrographic,NH10,10.33237181
2010,4,Newport Hydrographic,NH15,10.2958357
2010,4,Newport Hydrographic,NH20,10.27060503
2010,4,Newport Hydrographic,NH25,10.14280696
2010,5,Newport Hydrographic,NH01,10.67706688
2010,5,Newport Hydrographic,NH03,10.31744838
2010,5,Newport Hydrographic,NH05,9.611768601
2010,5,Newport Hydrographic,NH10,9.60969374
2010,5,Newport Hydrographic,NH15,10.04188319
2010,5,Newport Hydrographic,NH20,10.12163774
2010,5,Newport Hydrographic,NH25,10.2714961
2010,6,Newport Hydrographic,NH01,8.955863756
2010,6,Newport Hydrographic,NH03,9.476641625
2010,6,Newport Hydrographic,NH05,10.7796379
2010,6,Newport Hydrographic,NH10,9.481303759
2010,6,Newport Hydrographic,NH15,9.837108245
2010,6,Newport Hydrographic,NH20,9.929805508
2010,6,Newport Hydrographic,NH25,10.19528221
2010,7,Newport Hydrographic,NH01,7.832300849
2010,7,Newport Hydrographic,NH03,7.692665738
2010,7,Newport Hydrographic,NH05,7.679928578
2010,7,Newport Hydrographic,NH10,8.005683491
2010,7,Newport Hydrographic,NH15,8.181649017
2010,7,Newport Hydrographic,NH20,8.577021494
2010,7,Newport Hydrographic,NH25,9.093842482
2010,8,Newport Hydrographic,NH01,9.051751374
2010,8,Newport Hydrographic,NH03,8.222279527
2010,8,Newport Hydrographic,NH05,8.005631024
2010,8,Newport Hydrographic,NH10,8.146681131
2010,8,Newport Hydrographic,NH15,8.310342529
2010,8,Newport Hydrographic,NH20,8.414682563
2010,8,Newport Hydrographic,NH25,8.713139951
2010,9,Newport Hydrographic,NH01,11.04656297
2010,9,Newport Hydrographic,NH03,10.28976504
2010,9,Newport Hydrographic,NH05,9.560741349
2010,9,Newport Hydrographic,NH10,8.978154756
2010,9,Newport Hydrographic,NH15,9.009736774
2010,9,Newport Hydrographic,NH20,8.962434893
2010,9,Newport Hydrographic,NH25,9.179244039
2010,10,Newport Hydrographic,NH01,10.03181845
2010,10,Newport Hydrographic,NH03,9.458443032
2010,10,Newport Hydrographic,NH05,9.302483701
2010,10,Newport Hydrographic,NH10,8.839228853
2010,10,Newport Hydrographic,NH15,9.519910936
2010,10,Newport Hydrographic,NH20,9.153990765
2010,10,Newport Hydrographic,NH25,8.93252501
2010,11,Newport Hydrographic,NH01,11.65795178
2010,11,Newport Hydrographic,NH03,11.59373996
2010,11,Newport Hydrographic,NH05,11.4055588
2010,11,Newport Hydrographic,NH10,11.02492838
2010,11,Newport Hydrographic,NH15,10.90935902
2010,11,Newport Hydrographic,NH20,10.41656602
2010,11,Newport Hydrographic,NH25,10.49768102
2010,12,Newport Hydrographic,NH01,10.45589991
2010,12,Newport Hydrographic,NH03,10.44042563
2011,1,Newport Hydrographic,NH01,9.848975025
2011,1,Newport Hydrographic,NH03,10.11102214
2011,1,Newport Hydrographic,NH05,10.01668285
2011,1,Newport Hydrographic,NH10,9.922568804
2011,1,Newport Hydrographic,NH15,9.963754756
2011,1,Newport Hydrographic,NH20,10.01377096
2011,1,Newport Hydrographic,NH25,9.992046995
2011,2,Newport Hydrographic,NH01,9.333394261
2011,2,Newport Hydrographic,NH03,9.309975659
2011,2,Newport Hydrographic,NH05,9.059998386
2011,2,Newport Hydrographic,NH10,9.217434978
2011,2,Newport Hydrographic,NH15,9.118295606
2011,2,Newport Hydrographic,NH20,9.283067961
2011,2,Newport Hydrographic,NH25,9.400992002
2011,3,Newport Hydrographic,NH01,9.76880002
2011,3,Newport Hydrographic,NH03,9.782628604
2011,3,Newport Hydrographic,NH05,9.667039967
2011,4,Newport Hydrographic,NH01,10.10757687
2011,4,Newport Hydrographic,NH03,9.949726218
2011,4,Newport Hydrographic,NH05,9.828535396
2011,4,Newport Hydrographic,NH10,9.505475396
2011,4,Newport Hydrographic,NH15,9.349025676
2011,4,Newport Hydrographic,NH20,9.485270056
2011,4,Newport Hydrographic,NH25,9.544960985
2011,5,Newport Hydrographic,NH01,9.468220428
2011,5,Newport Hydrographic,NH03,8.947091801
2011,5,Newport Hydrographic,NH05,8.741438822
2011,5,Newport Hydrographic,NH10,8.888730143
2011,5,Newport Hydrographic,NH15,9.278075853
2011,5,Newport Hydrographic,NH20,9.29281199
2011,5,Newport Hydrographic,NH25,9.481470092
2011,6,Newport Hydrographic,NH01,9.235677951
2011,6,Newport Hydrographic,NH03,8.620077296
2011,6,Newport Hydrographic,NH05,8.54257888
2011,6,Newport Hydrographic,NH10,8.528819842
2011,6,Newport Hydrographic,NH15,9.115563372
2011,6,Newport Hydrographic,NH20,9.313244673
2011,6,Newport Hydrographic,NH25,9.657456649
2011,7,Newport Hydrographic,NH01,9.168054214
2011,7,Newport Hydrographic,NH03,8.576437242
2011,7,Newport Hydrographic,NH05,8.453277021
2011,7,Newport Hydrographic,NH10,8.440960043
2011,7,Newport Hydrographic,NH15,8.839291408
2011,7,Newport Hydrographic,NH20,8.88444579
2011,7,Newport Hydrographic,NH25,9.293982853
2011,8,Newport Hydrographic,NH01,8.570132748
2011,8,Newport Hydrographic,NH03,8.124261187
2011,8,Newport Hydrographic,NH05,7.918033887
2011,8,Newport Hydrographic,NH10,8.128301139
2011,8,Newport Hydrographic,NH15,8.121639214
2011,8,Newport Hydrographic,NH20,8.2892043
2011,8,Newport Hydrographic,NH25,8.198930497
2011,9,Newport Hydrographic,NH01,10.74942697
2011,9,Newport Hydrographic,NH03,10.97224582
2011,9,Newport Hydrographic,NH05,10.20524654
2011,9,Newport Hydrographic,NH10,8.91849681
2011,9,Newport Hydrographic,NH15,8.664996929
2011,9,Newport Hydrographic,NH20,8.87796545
2011,9,Newport Hydrographic,NH25,9.165164007
2011,10,Newport Hydrographic,NH01,14.42666678
2011,10,Newport Hydrographic,NH03,10.65197537
2011,10,Newport Hydrographic,NH05,10.96538497
2011,10,Newport Hydrographic,NH10,10.54042118
2011,10,Newport Hydrographic,NH15,9.857742186
2011,10,Newport Hydrographic,NH20,10.01833111
2011,10,Newport Hydrographic,NH25,10.36763149
2011,11,Newport Hydrographic,NH01,10.91960861
2011,11,Newport Hydrographic,NH03,11.03439093
2011,11,Newport Hydrographic,NH05,11.05764904
2011,11,Newport Hydrographic,NH10,10.55576184
2011,11,Newport Hydrographic,NH15,10.00451751
2011,12,Newport Hydrographic,NH01,9.814607212
2011,12,Newport Hydrographic,NH03,9.815758664
2011,12,Newport Hydrographic,NH05,9.539908794
2011,12,Newport Hydrographic,NH10,8.945888568
2011,12,Newport Hydrographic,NH15,9.23603817
2011,12,Newport Hydrographic,NH20,9.589332037
2011,12,Newport Hydrographic,NH25,9.794823271
2012,1,Newport Hydrographic,NH01,9.194096125
2012,1,Newport Hydrographic,NH03,9.266997684
2012,1,Newport Hydrographic,NH05,9.2312846
2012,1,Newport Hydrographic,NH10,9.176735539
2012,1,Newport Hydrographic,NH15,9.105858877
2012,1,Newport Hydrographic,NH20,8.833302035
2012,1,Newport Hydrographic,NH25,8.971424443
2012,2,Newport Hydrographic,NH01,9.263769203
2012,2,Newport Hydrographic,NH03,9.199504503
2012,2,Newport Hydrographic,NH05,9.139000843
2012,3,Newport Hydrographic,NH01,8.737973918
2012,3,Newport Hydrographic,NH03,8.736826621
2012,3,Newport Hydrographic,NH05,8.65154941
2012,3,Newport Hydrographic,NH10,8.729532562
2012,3,Newport Hydrographic,NH15,8.753451534
2012,3,Newport Hydrographic,NH20,8.75626241
2012,3,Newport Hydrographic,NH25,8.759135443
2012,4,Newport Hydrographic,NH01,10.09185225
2012,4,Newport Hydrographic,NH03,9.772758107
2012,4,Newport Hydrographic,NH05,9.537094226
2012,4,Newport Hydrographic,NH10,9.359399343
2012,4,Newport Hydrographic,NH15,9.376991181
2012,4,Newport Hydrographic,NH20,9.361247978
2012,4,Newport Hydrographic,NH25,9.310556443
2012,5,Newport Hydrographic,NH01,10.31977476
2012,5,Newport Hydrographic,NH03,9.58788185
2012,5,Newport Hydrographic,NH05,8.950388771
2012,5,Newport Hydrographic,NH10,9.010607033
2012,5,Newport Hydrographic,NH15,9.190928722
2012,5,Newport Hydrographic,NH20,9.245408082
2012,5,Newport Hydrographic,NH25,9.376993212
2012,6,Newport Hydrographic,NH01,11.09742503
2012,6,Newport Hydrographic,NH03,9.771331156
2012,6,Newport Hydrographic,NH05,9.136093357
2012,6,Newport Hydrographic,NH10,8.903521245
2012,6,Newport Hydrographic,NH15,9.179765026
2012,6,Newport Hydrographic,NH20,9.233979314
2012,6,Newport Hydrographic,NH25,9.711325014
2012,7,Newport Hydrographic,NH01,10.27747545
2012,7,Newport Hydrographic,NH03,8.689275155
2012,7,Newport Hydrographic,NH05,8.246696311
2012,7,Newport Hydrographic,NH10,8.52034478
2012,7,Newport Hydrographic,NH15,8.918513649
2012,7,Newport Hydrographic,NH20,9.418005996
2012,7,Newport Hydrographic,NH25,10.17493098
2012,8,Newport Hydrographic,NH01,10.41937485
2012,8,Newport Hydrographic,NH03,8.886278065
2012,8,Newport Hydrographic,NH05,8.206795697
2012,8,Newport Hydrographic,NH10,8.114417112
2012,8,Newport Hydrographic,NH15,8.710045097
2012,8,Newport Hydrographic,NH20,8.831232002
2012,8,Newport Hydrographic,NH25,9.355201983
2012,9,Newport Hydrographic,NH01,8.168056791
2012,9,Newport Hydrographic,NH03,8.287097944
2012,9,Newport Hydrographic,NH05,8.242179431
2012,9,Newport Hydrographic,NH10,8.304173569
2012,9,Newport Hydrographic,NH15,8.417503698
2012,9,Newport Hydrographic,NH20,8.656167982
2012,9,Newport Hydrographic,NH25,8.97820683
2012,10,Newport Hydrographic,NH01,10.07105627
2012,10,Newport Hydrographic,NH03,9.914279261
2012,10,Newport Hydrographic,NH05,9.933632606
2012,10,Newport Hydrographic,NH10,9.187693751
2012,10,Newport Hydrographic,NH15,9.198892063
2012,10,Newport Hydrographic,NH20,9.299963249
2012,10,Newport Hydrographic,NH25,9.222356014
2012,11,Newport Hydrographic,NH01,11.8359352
2012,11,Newport Hydrographic,NH03,12.07208081
2012,11,Newport Hydrographic,NH05,12.13077748
2012,11,Newport Hydrographic,NH10,12.01221148
2012,11,Newport Hydrographic,NH15,11.49366831
2012,11,Newport Hydrographic,NH20,10.66732803
2012,11,Newport Hydrographic,NH25,10.14459894
2012,12,Newport Hydrographic,NH01,10.39406195
2012,12,Newport Hydrographic,NH03,10.69503616
2012,12,Newport Hydrographic,NH05,10.80892501
2012,12,Newport Hydrographic,NH10,10.95904756
2012,12,Newport Hydrographic,NH15,10.89235155
2013,1,Newport Hydrographic,NH01,9.222757158
2013,1,Newport Hydrographic,NH03,10.17053471
2013,1,Newport Hydrographic,NH05,9.853952685
2013,1,Newport Hydrographic,NH10,9.801400001
2013,1,Newport Hydrographic,NH15,9.925547719
2013,1,Newport Hydrographic,NH20,10.08738184
2013,1,Newport Hydrographic,NH25,10.176731
2013,2,Newport Hydrographic,NH03,9.210224975
2013,2,Newport Hydrographic,NH05,9.165001694
2013,2,Newport Hydrographic,NH10,9.032922781
2013,2,Newport Hydrographic,NH15,8.990031329
2013,3,Newport Hydrographic,NH01,9.254281539
2013,3,Newport Hydrographic,NH03,8.848629749
2013,3,Newport Hydrographic,NH05,8.871186705
2013,3,Newport Hydrographic,NH10,8.65312662
2013,3,Newport Hydrographic,NH15,8.756589415
2013,3,Newport Hydrographic,NH20,8.702539029
2013,3,Newport Hydrographic,NH25,8.72549941
2013,4,Newport Hydrographic,NH01,8.921527579
2013,4,Newport Hydrographic,NH03,8.454085903
2013,4,Newport Hydrographic,NH05,8.237428941
2013,4,Newport Hydrographic,NH10,7.994602636
2013,4,Newport Hydrographic,NH15,8.10047112
2013,4,Newport Hydrographic,NH20,8.340068974
2013,4,Newport Hydrographic,NH25,8.657483025
2013,5,Newport Hydrographic,NH01,11.01504463
2013,5,Newport Hydrographic,NH03,10.02170507
2013,5,Newport Hydrographic,NH05,9.1663841
2013,5,Newport Hydrographic,NH10,8.376387422
2013,5,Newport Hydrographic,NH15,8.424356725
2013,5,Newport Hydrographic,NH20,8.323114493
2013,5,Newport Hydrographic,NH25,8.687607496
2013,6,Newport Hydrographic,NH01,10.57555955
2013,6,Newport Hydrographic,NH03,10.67087393
2013,6,Newport Hydrographic,NH05,9.639143025
2013,6,Newport Hydrographic,NH10,8.520528271
2013,6,Newport Hydrographic,NH15,8.594341762
2013,6,Newport Hydrographic,NH20,9.075529003
2013,6,Newport Hydrographic,NH25,9.090097022
2013,7,Newport Hydrographic,NH01,7.505464086
2013,7,Newport Hydrographic,NH03,7.620446334
2013,7,Newport Hydrographic,NH05,7.545876006
2013,7,Newport Hydrographic,NH10,7.649376551
2013,7,Newport Hydrographic,NH15,8.032225878
2013,7,Newport Hydrographic,NH20,8.389511003
2013,7,Newport Hydrographic,NH25,8.134438014
2013,8,Newport Hydrographic,NH01,9.741991458
2013,8,Newport Hydrographic,NH03,8.550839155
2013,8,Newport Hydrographic,NH05,8.30276897
2013,8,Newport Hydrographic,NH10,8.080800033
2013,8,Newport Hydrographic,NH15,7.922206233
2013,8,Newport Hydrographic,NH20,8.229272962
2013,8,Newport Hydrographic,NH25,8.173429003
2013,9,Newport Hydrographic,NH01,12.69658105
2013,9,Newport Hydrographic,NH03,11.40964227
2013,9,Newport Hydrographic,NH05,11.03106918
2013,9,Newport Hydrographic,NH10,9.028844103
2013,9,Newport Hydrographic,NH15,9.320641113
2013,10,Newport Hydrographic,NH01,12.13705996
2013,10,Newport Hydrographic,NH03,11.70593904
2013,10,Newport Hydrographic,NH05,11.38304474
2013,10,Newport Hydrographic,NH10,11.03564215
2013,10,Newport Hydrographic,NH15,10.15159204
2013,10,Newport Hydrographic,NH20,9.795881011
2013,10,Newport Hydrographic,NH25,10.3096045
2013,11,Newport Hydrographic,NH01,10.41086533
2013,11,Newport Hydrographic,NH03,10.22321678
2013,11,Newport Hydrographic,NH05,10.01239174
2013,11,Newport Hydrographic,NH10,9.429416871
2013,11,Newport Hydrographic,NH15,9.41118549
2013,11,Newport Hydrographic,NH20,9.198028002
2013,11,Newport Hydrographic,NH25,9.490611019
2013,12,Newport Hydrographic,NH01,8.968566667
2013,12,Newport Hydrographic,NH03,9.11884666
2013,12,Newport Hydrographic,NH05,9.185891032
2013,12,Newport Hydrographic,NH10,8.978913971
2013,12,Newport Hydrographic,NH15,8.913800015
2013,12,Newport Hydrographic,NH20,8.810446043
2013,12,Newport Hydrographic,NH25,9.248254995
2014,1,Newport Hydrographic,NH01,8.976284724
2014,1,Newport Hydrographic,NH03,8.891408433
2014,1,Newport Hydrographic,NH05,8.612393011
2014,1,Newport Hydrographic,NH10,8.610095
2014,1,Newport Hydrographic,NH15,8.538818298
2014,1,Newport Hydrographic,NH20,8.549376001
2014,1,Newport Hydrographic,NH25,8.641947041
2014,2,Newport Hydrographic,NH01,9.498000791
2014,2,Newport Hydrographic,NH03,9.547846804
2014,2,Newport Hydrographic,NH05,9.36739104
2014,2,Newport Hydrographic,NH10,9.124812672
2014,2,Newport Hydrographic,NH15,9.159506419
2014,2,Newport Hydrographic,NH20,8.865670996
2014,2,Newport Hydrographic,NH25,8.922106991
2014,3,Newport Hydrographic,NH01,10.87676661
2014,3,Newport Hydrographic,NH03,10.68071085
2014,3,Newport Hydrographic,NH05,10.48982105
2014,3,Newport Hydrographic,NH10,9.885636716
2014,3,Newport Hydrographic,NH15,9.75051533
2014,4,Newport Hydrographic,NH01,11.24411822
2014,4,Newport Hydrographic,NH03,10.87501855
2014,4,Newport Hydrographic,NH05,10.70711451
2014,4,Newport Hydrographic,NH10,9.793669112
2014,4,Newport Hydrographic,NH15,9.676735101
2014,4,Newport Hydrographic,NH20,9.476626043
2014,4,Newport Hydrographic,NH25,9.662630997
2014,5,Newport Hydrographic,NH01,13.51604735
2014,5,Newport Hydrographic,NH03,11.90190515
2014,5,Newport Hydrographic,NH05,11.1077731
2014,5,Newport Hydrographic,NH10,9.956078215
2014,5,Newport Hydrographic,NH15,9.463800684
2014,5,Newport Hydrographic,NH20,9.207333035
2014,5,Newport Hydrographic,NH25,9.880477042
2014,6,Newport Hydrographic,NH01,9.648191105
2014,6,Newport Hydrographic,NH03,8.40024777
2014,6,Newport Hydrographic,NH05,8.308437037
2014,6,Newport Hydrographic,NH10,8.50742283
2014,6,Newport Hydrographic,NH15,8.516838751
2014,6,Newport Hydrographic,NH20,8.908521001
2014,6,Newport Hydrographic,NH25,9.736414003
2014,7,Newport Hydrographic,NH01,9.433373298
2014,7,Newport Hydrographic,NH03,8.483265116
2014,7,Newport Hydrographic,NH05,8.931601002
2014,7,Newport Hydrographic,NH10,8.582110176
2014,7,Newport Hydrographic,NH15,8.602296915
2014,7,Newport Hydrographic,NH20,8.804394984
2014,7,Newport Hydrographic,NH25,9.217622006
2014,8,Newport Hydrographic,NH01,9.015840651
2014,8,Newport Hydrographic,NH03,8.263074924
2014,8,Newport Hydrographic,NH05,8.397482699
2014,8,Newport Hydrographic,NH10,8.309372881
2014,8,Newport Hydrographic,NH15,8.255272921
2014,8,Newport Hydrographic,NH20,8.610574007
2014,8,Newport Hydrographic,NH25,8.607508979
2014,9,Newport Hydrographic,NH01,12.37624344
2014,9,Newport Hydrographic,NH03,11.37423401
2014,9,Newport Hydrographic,NH05,11.59275962
2014,9,Newport Hydrographic,NH10,9.912578825
2014,9,Newport Hydrographic,NH15,9.677113453
2014,9,Newport Hydrographic,NH20,10.99579386
2014,9,Newport Hydrographic,NH25,10.29741023
2014,10,Newport Hydrographic,NH01,12.97001566
2014,10,Newport Hydrographic,NH03,12.7919665
2014,10,Newport Hydrographic,NH05,12.67863862
2014,10,Newport Hydrographic,NH10,10.14702405
2014,10,Newport Hydrographic,NH15,10.36159393
2014,10,Newport Hydrographic,NH20,11.05513895
2014,10,Newport Hydrographic,NH25,11.19947
2014,11,Newport Hydrographic,NH01,14.80019192
2014,11,Newport Hydrographic,NH03,14.74964885
2014,11,Newport Hydrographic,NH05,14.69222746
2014,11,Newport Hydrographic,NH10,14.41487395
2014,11,Newport Hydrographic,NH15,12.73468262
2014,11,Newport Hydrographic,NH20,12.82948501
2014,11,Newport Hydrographic,NH25,12.723497
2014,12,Newport Hydrographic,NH01,12.75860004
2014,12,Newport Hydrographic,NH03,12.68708696
2014,12,Newport Hydrographic,NH05,13.00425529
2015,1,Newport Hydrographic,NH01,12.38228052
2015,1,Newport Hydrographic,NH03,12.5731096
2015,1,Newport Hydrographic,NH05,12.46284364
2015,1,Newport Hydrographic,NH10,11.93277089
2015,1,Newport Hydrographic,NH15,12.04210442
2015,1,Newport Hydrographic,NH20,11.7162211
2015,1,Newport Hydrographic,NH25,11.77535399
2015,2,Newport Hydrographic,NH01,12.38143842
2015,2,Newport Hydrographic,NH03,12.44404334
2015,2,Newport Hydrographic,NH05,12.42435335
2015,2,Newport Hydrographic,NH10,12.01570191
2015,2,Newport Hydrographic,NH15,12.42647077
2015,2,Newport Hydrographic,NH20,12.371343
2015,2,Newport Hydrographic,NH25,12.33193801
2015,3,Newport Hydrographic,NH01,11.97470814
2015,3,Newport Hydrographic,NH03,11.86171488
2015,3,Newport Hydrographic,NH05,11.36795176
2015,3,Newport Hydrographic,NH10,11.01467069
2015,3,Newport Hydrographic,NH15,10.94922875
2015,3,Newport Hydrographic,NH20,11.02015903
2015,3,Newport Hydrographic,NH25,11.18440296
2015,4,Newport Hydrographic,NH01,11.41320525
2015,4,Newport Hydrographic,NH03,11.00280973
2015,4,Newport Hydrographic,NH05,10.2444262
2015,4,Newport Hydrographic,NH10,10.32001655
2015,4,Newport Hydrographic,NH15,10.77608405
2015,4,Newport Hydrographic,NH20,10.73292401
2015,4,Newport Hydrographic,NH25,10.53196202
2015,5,Newport Hydrographic,NH01,9.739630492
2015,5,Newport Hydrographic,NH03,8.280383279
2015,5,Newport Hydrographic,NH05,8.177144505
2015,5,Newport Hydrographic,NH10,9.059212302
2015,5,Newport Hydrographic,NH15,9.080973168
2015,5,Newport Hydrographic,NH20,9.646349049
2015,5,Newport Hydrographic,NH25,10.32254256
2015,6,Newport Hydrographic,NH01,7.974424958
2015,6,Newport Hydrographic,NH03,7.656996516
2015,6,Newport Hydrographic,NH05,7.895982796
2015,6,Newport Hydrographic,NH10,8.223341923
2015,6,Newport Hydrographic,NH15,9.017199988
2015,6,Newport Hydrographic,NH20,9.50080399
2015,6,Newport Hydrographic,NH25,10.13547699
2015,7,Newport Hydrographic,NH01,12.63845099
2015,7,Newport Hydrographic,NH03,10.63278946
2015,7,Newport Hydrographic,NH05,9.542734007
2015,7,Newport Hydrographic,NH10,9.026888106
2015,7,Newport Hydrographic,NH15,9.193341594
2015,7,Newport Hydrographic,NH20,9.505172243
2015,7,Newport Hydrographic,NH25,9.590017429
2015,8,Newport Hydrographic,NH01,9.951305722
2015,8,Newport Hydrographic,NH03,9.270712709
2015,8,Newport Hydrographic,NH05,9.140669661
2015,8,Newport Hydrographic,NH10,9.416944053
2015,8,Newport Hydrographic,NH15,9.299984452
2015,8,Newport Hydrographic,NH20,10.19753403
2015,8,Newport Hydrographic,NH25,10.24413421
2015,9,Newport Hydrographic,NH01,10.31555288
2015,9,Newport Hydrographic,NH03,9.795120478
2015,9,Newport Hydrographic,NH05,9.70724896
2015,9,Newport Hydrographic,NH10,9.906451309
2015,9,Newport Hydrographic,NH15,10.23144356
2015,9,Newport Hydrographic,NH20,10.90081414
2015,9,Newport Hydrographic,NH25,10.34347676
2015,9,Newport Line,NH03,13.21093414
2015,9,Newport Line,NH05,12.32315108
2015,10,Newport Hydrographic,NH01,12.34419803
2015,10,Newport Hydrographic,NH03,11.50163436
2015,10,Newport Hydrographic,NH05,11.04701651
2015,10,Newport Hydrographic,NH10,10.33167235
2015,10,Newport Hydrographic,NH15,10.48295259
2015,10,Newport Hydrographic,NH20,10.47499389
2015,10,Newport Hydrographic,NH25,11.12442943
2015,11,Newport Hydrographic,NH01,14.19649998
2015,11,Newport Hydrographic,NH03,14.06663722
2015,11,Newport Hydrographic,NH05,13.54142412
2015,11,Newport Hydrographic,NH10,12.93344168
2015,11,Newport Hydrographic,NH15,11.28657091
2015,11,Newport Hydrographic,NH20,11.60722796
2015,11,Newport Hydrographic,NH25,11.30519
2016,1,Newport Hydrographic,NH01,10.18870502
2016,1,Newport Hydrographic,NH03,10.41356002
2016,1,Newport Hydrographic,NH05,11.06949369
2016,1,Newport Hydrographic,NH20,11.4063889
2016,1,Newport Hydrographic,NH25,11.38293487
2016,2,Newport Hydrographic,NH01,11.47529198
2016,2,Newport Hydrographic,NH03,11.39932788
2016,2,Newport Hydrographic,NH05,11.31137175
2016,2,Newport Hydrographic,NH10,11.24338142
2016,2,Newport Hydrographic,NH15,11.36566069
2016,2,Newport Hydrographic,NH20,11.23667529
2016,2,Newport Hydrographic,NH25,11.04710099
2016,3,Newport Hydrographic,NH01,12.01958466
2016,3,Newport Hydrographic,NH03,11.91960424
2016,3,Newport Hydrographic,NH05,11.77056549
2016,3,Newport Hydrographic,NH10,11.52927124
2016,3,Newport Hydrographic,NH15,11.25081117
2016,3,Newport Hydrographic,NH20,11.21851799
2016,3,Newport Hydrographic,NH25,11.15148396
2016,4,Newport Hydrographic,NH01,12.27155057
2016,4,Newport Hydrographic,NH03,11.54976063
2016,4,Newport Hydrographic,NH05,11.38665734
2016,4,Newport Hydrographic,NH10,10.67606295
2016,4,Newport Hydrographic,NH15,11.11306074
2016,4,Newport Hydrographic,NH20,10.82419898
2016,4,Newport Hydrographic,NH25,10.8238
2016,5,Newport Hydrographic,NH01,10.62169288
2016,5,Newport Hydrographic,NH03,10.08346057
2016,5,Newport Hydrographic,NH05,9.485383042
2016,5,Newport Hydrographic,NH10,9.416893822
2016,5,Newport Hydrographic,NH15,9.77296955
2016,5,Newport Hydrographic,NH20,10.02129824
2016,5,Newport Hydrographic,NH25,10.29092041
2016,6,Newport Hydrographic,NH03,8.495887826
2016,6,Newport Hydrographic,NH05,9.15711186
2016,6,Newport Hydrographic,NH10,8.629821126
2016,6,Newport Hydrographic,NH15,8.919310977
2016,6,Newport Hydrographic,NH20,9.168406968
2016,6,Newport Hydrographic,NH25,9.991786016
2016,7,Newport Hydrographic,NH01,8.716995285
2016,7,Newport Hydrographic,NH03,8.493145663
2016,7,Newport Hydrographic,NH05,8.131500001
2016,7,Newport Hydrographic,NH10,8.13825317
2016,7,Newport Hydrographic,NH15,8.965572164
2016,8,Newport Hydrographic,NH01,9.048044764
2016,8,Newport Hydrographic,NH03,8.052146989
2016,8,Newport Hydrographic,NH05,8.085116849
2016,8,Newport Hydrographic,NH10,8.544315665
2016,8,Newport Hydrographic,NH15,8.933673932
2016,8,Newport Hydrographic,NH20,8.932954538
2016,8,Newport Hydrographic,NH25,9.082786512
2016,9,Newport Hydrographic,NH01,12.39061903
2016,9,Newport Hydrographic,NH03,11.32078421
2016,9,Newport Hydrographic,NH05,9.861466736
2016,9,Newport Hydrographic,NH10,9.370702502
2016,9,Newport Hydrographic,NH15,8.872968992
2016,9,Newport Hydrographic,NH20,9.000108088
2016,9,Newport Hydrographic,NH25,9.775405021
2016,10,Newport Hydrographic,NH01,11.86487075
2016,10,Newport Hydrographic,NH03,11.31100256
2016,10,Newport Hydrographic,NH05,11.13486081
2016,10,Newport Hydrographic,NH10,9.541145155
2016,10,Newport Hydrographic,NH15,9.814987869
2016,10,Newport Hydrographic,NH20,9.465705034
2016,10,Newport Hydrographic,NH25,9.693054575
2016,11,Newport Hydrographic,NH05,14.16717159
2016,11,Newport Hydrographic,NH10,13.7926224
2016,12,Newport Hydrographic,NH03,13.10987499
2016,12,Newport Hydrographic,NH05,12.89449998
2016,12,Newport Hydrographic,NH10,12.78539089
2016,12,Newport Hydrographic,NH15,12.29308206
2016,12,Newport Hydrographic,NH20,11.99316395
2016,12,Newport Hydrographic,NH25,11.82499702
2017,1,Newport Hydrographic,NH01,9.721500093
2017,1,Newport Hydrographic,NH03,9.941739124
2017,1,Newport Hydrographic,NH05,10.18011926
2017,1,Newport Hydrographic,NH10,10.29738885
2017,1,Newport Hydrographic,NH15,10.51769297
2017,1,Newport Hydrographic,NH20,10.32870078
2017,1,Newport Hydrographic,NH25,10.29575237
2017,2,Newport Hydrographic,NH01,10.61436734
2017,2,Newport Hydrographic,NH03,10.67174922
2017,2,Newport Hydrographic,NH05,10.54175666
2017,2,Newport Hydrographic,NH10,10.64720912
2017,2,Newport Hydrographic,NH15,10.68820062
2017,2,Newport Hydrographic,NH20,10.6635992
2017,2,Newport Hydrographic,NH25,10.6207842
2017,3,Newport Hydrographic,NH01,10.50337529
2017,3,Newport Hydrographic,NH03,10.4759174
2017,3,Newport Hydrographic,NH05,10.42474278
2017,3,Newport Hydrographic,NH10,10.26765588
2017,3,Newport Hydrographic,NH15,10.25003998
2017,3,Newport Hydrographic,NH20,9.888037987
2017,3,Newport Hydrographic,NH25,10.12667503
2017,4,Newport Hydrographic,NH01,11.09918288
2017,4,Newport Hydrographic,NH03,10.97148029
2017,4,Newport Hydrographic,NH05,10.71351935
2017,4,Newport Hydrographic,NH10,10.70338948
2017,4,Newport Hydrographic,NH15,10.51919886
2017,5,Newport Hydrographic,NH01,9.062266684
2017,5,Newport Hydrographic,NH03,9.135030951
2017,5,Newport Hydrographic,NH05,9.143176922
2017,5,Newport Hydrographic,NH10,9.855834208
2017,5,Newport Hydrographic,NH15,10.29070332
2017,5,Newport Hydrographic,NH20,10.54235361
2017,5,Newport Hydrographic,NH25,10.63923713
2017,6,Newport Hydrographic,NH01,11.97273159
2017,6,Newport Hydrographic,NH03,10.02889999
2017,6,Newport Hydrographic,NH05,9.542315762
2017,6,Newport Hydrographic,NH10,9.290273959
2017,6,Newport Hydrographic,NH15,9.808885892
2017,6,Newport Hydrographic,NH20,10.16122902
2017,6,Newport Hydrographic,NH25,10.41598201
2017,7,Newport Hydrographic,NH01,8.415349363
2017,7,Newport Hydrographic,NH03,7.876719088
2017,7,Newport Hydrographic,NH05,8.150153559
2017,7,Newport Hydrographic,NH10,8.539530766
2017,7,Newport Hydrographic,NH15,8.708889687
2017,7,Newport Hydrographic,NH20,9.177567932
2017,7,Newport Hydrographic,NH25,10.21331475
2017,8,Newport Hydrographic,NH01,8.200023064
2017,8,Newport Hydrographic,NH03,8.552824974
2017,8,Newport Hydrographic,NH05,8.430356101
2017,8,Newport Hydrographic,NH10,8.694957965
2017,8,Newport Hydrographic,NH15,8.954689381
2017,8,Newport Hydrographic,NH20,9.092612
2017,8,Newport Hydrographic,NH25,9.201531295
2017,9,Newport Hydrographic,NH01,10.36585266
2017,9,Newport Hydrographic,NH03,9.018904389
2017,9,Newport Hydrographic,NH05,9.916046162
2017,9,Newport Hydrographic,NH10,9.082956978
2017,9,Newport Hydrographic,NH15,9.36076019
2017,9,Newport Hydrographic,NH20,9.731233015
2017,9,Newport Hydrographic,NH25,9.626837034
2017,10,Newport Hydrographic,NH01,11.58147887
2017,10,Newport Hydrographic,NH03,11.31761275
2017,10,Newport Hydrographic,NH05,11.09044719
2017,11,Newport Hydrographic,NH01,11.79204618
2017,11,Newport Hydrographic,NH03,11.21760872
2017,11,Newport Hydrographic,NH05,11.05184414
2017,11,Newport Hydrographic,NH10,10.29028747
2017,11,Newport Hydrographic,NH15,9.679580212
2017,12,Newport Hydrographic,NH01,11.32593463
2017,12,Newport Hydrographic,NH03,11.42078444
2017,12,Newport Hydrographic,NH05,11.22207202
2017,12,Newport Hydrographic,NH10,11.45591112
2017,12,Newport Hydrographic,NH15,11.48852899
2017,12,Newport Hydrographic,NH20,11.09437095
2017,12,Newport Hydrographic,NH25,10.96883798
2018,2,Newport Hydrographic,NH01,8.985038969
2018,2,Newport Hydrographic,NH03,10.26599182
2018,2,Newport Hydrographic,NH05,10.24612092
2018,2,Newport Hydrographic,NH10,10.11809462
2018,2,Newport Hydrographic,NH15,10.32888096
2018,2,Newport Hydrographic,NH20,10.4560151
2018,2,Newport Hydrographic,NH25,10.68050573
2018,3,Newport Hydrographic,NH01,9.566578264
2018,3,Newport Hydrographic,NH03,9.311230238
2018,3,Newport Hydrographic,NH05,9.731999881
2018,3,Newport Hydrographic,NH10,9.467266642
2018,3,Newport Hydrographic,NH15,9.331702468
2018,3,Newport Hydrographic,NH20,9.5971469
2018,3,Newport Hydrographic,NH25,9.628313132
2018,4,Newport Hydrographic,NH01,10.21669632
2018,4,Newport Hydrographic,NH03,9.670175236
2018,4,Newport Hydrographic,NH05,9.644474552
2018,4,Newport Hydrographic,NH10,9.610056957
2018,4,Newport Hydrographic,NH15,10.22299565
2018,5,Newport Hydrographic,NH01,10.24589656
2018,5,Newport Hydrographic,NH03,9.618897565
2018,5,Newport Hydrographic,NH05,9.456392098
2018,5,Newport Hydrographic,NH10,9.508800169
2018,5,Newport Hydrographic,NH15,9.981724668
2018,5,Newport Hydrographic,NH20,10.04323129
2018,5,Newport Hydrographic,NH25,10.2652636
2018,6,Newport Hydrographic,NH01,9.177295952
2018,6,Newport Hydrographic,NH03,8.679027403
2018,6,Newport Hydrographic,NH05,8.440996033
2018,6,Newport Hydrographic,NH10,8.655477775
2018,6,Newport Hydrographic,NH15,9.241748746
2018,6,Newport Hydrographic,NH20,9.832361965
2018,6,Newport Hydrographic,NH25,10.21019802
2018,7,Newport Hydrographic,NH01,10.17147936
2018,7,Newport Hydrographic,NH03,9.045012253
2018,7,Newport Hydrographic,NH05,8.852210672
2018,7,Newport Hydrographic,NH10,8.686350599
2018,7,Newport Hydrographic,NH15,9.047701219
2018,7,Newport Hydrographic,NH20,8.888995972
2018,7,Newport Hydrographic,NH25,9.194345007
2018,8,Newport Hydrographic,NH01,9.021716262
2018,8,Newport Hydrographic,NH03,8.8292616
2018,8,Newport Hydrographic,NH05,8.71256813
2018,8,Newport Hydrographic,NH10,8.936042327
2018,8,Newport Hydrographic,NH15,8.97112778
2018,8,Newport Hydrographic,NH20,9.065708079
2018,8,Newport Hydrographic,NH25,9.331120996
2018,9,Newport Hydrographic,NH01,12.90581663
2018,9,Newport Hydrographic,NH03,10.87328197
2018,9,Newport Hydrographic,NH05,9.837988635
2018,9,Newport Hydrographic,NH10,9.388526148
2018,9,Newport Hydrographic,NH15,9.256657297
2018,9,Newport Hydrographic,NH20,9.340332311
2018,9,Newport Hydrographic,NH25,9.60963202
2018,10,Newport Hydrographic,NH01,10.47142388
2018,10,Newport Hydrographic,NH03,10.02602828
2018,10,Newport Hydrographic,NH05,10.44289571
2018,10,Newport Hydrographic,NH10,9.583941007
2018,10,Newport Hydrographic,NH15,9.676142053
2018,10,Newport Hydrographic,NH20,9.765690002
2018,10,Newport Hydrographic,NH25,9.712279773
2018,11,Newport Hydrographic,NH01,12.19611309
2018,11,Newport Hydrographic,NH03,12.02426283
2018,11,Newport Hydrographic,NH05,11.75639656
2018,11,Newport Hydrographic,NH10,10.3874844
2018,11,Newport Hydrographic,NH15,9.993512793
2018,11,Newport Hydrographic,NH20,10.004999
2018,11,Newport Hydrographic,NH25,10.22515799
2018,12,Newport Hydrographic,NH01,9.69043645
2018,12,Newport Hydrographic,NH03,10.4706104
2018,12,Newport Hydrographic,NH05,10.38978924
2018,12,Newport Hydrographic,NH10,10.03629731
2018,12,Newport Hydrographic,NH15,10.04241928
2018,12,Newport Hydrographic,NH20,9.991263981
2018,12,Newport Hydrographic,NH25,9.796224487
2019,1,Newport Hydrographic,NH01,10.94320375
2019,1,Newport Hydrographic,NH03,11.03124789
2019,1,Newport Hydrographic,NH05,11.23382854
2019,1,Newport Hydrographic,NH10,11.30590529
2019,1,Newport Hydrographic,NH15,11.31762701
2019,1,Newport Hydrographic,NH20,11.23473235
2019,1,Newport Hydrographic,NH25,11.17210713
2019,2,Newport Hydrographic,NH01,10.30230989
2019,2,Newport Hydrographic,NH03,10.64716325
2019,2,Newport Hydrographic,NH05,10.84414113
2019,2,Newport Hydrographic,NH10,10.87533667
2019,2,Newport Hydrographic,NH15,10.99964206
2019,2,Newport Hydrographic,NH20,10.72022508
2019,2,Newport Hydrographic,NH25,10.84717272
2019,3,Newport Hydrographic,NH01,10.18714166
2019,3,Newport Hydrographic,NH03,10.3583833
2019,3,Newport Hydrographic,NH05,10.29012271
2019,3,Newport Hydrographic,NH10,10.28503765
2019,3,Newport Hydrographic,NH15,10.24243084
2019,3,Newport Hydrographic,NH20,10.15449899
2019,3,Newport Hydrographic,NH25,10.13837297
2019,4,Newport Hydrographic,NH01,10.34221398
2019,4,Newport Hydrographic,NH03,9.696809032
2019,4,Newport Hydrographic,NH05,9.628936074
2019,4,Newport Hydrographic,NH10,9.914601231
2019,4,Newport Hydrographic,NH15,10.36481727
2019,4,Newport Hydrographic,NH20,10.24508981
2019,4,Newport Hydrographic,NH25,10.3378265
2019,5,Newport Hydrographic,NH01,7.722018177
2019,5,Newport Hydrographic,NH03,7.977159568
2019,5,Newport Hydrographic,NH05,9.252769662
2019,5,Newport Hydrographic,NH10,9.237242847
2019,5,Newport Hydrographic,NH15,9.82765748
2019,5,Newport Hydrographic,NH20,10.08238687
2019,5,Newport Hydrographic,NH25,10.0229724
2019,6,Newport Hydrographic,NH01,8.263664694
2019,6,Newport Hydrographic,NH03,8.71634437
2019,6,Newport Hydrographic,NH05,8.391041984
2019,6,Newport Hydrographic,NH10,8.805858702
2019,6,Newport Hydrographic,NH15,9.011642168
2019,6,Newport Hydrographic,NH20,9.106894007
2019,6,Newport Hydrographic,NH25,9.656277639
2019,7,Newport Hydrographic,NH01,11.97252333
2019,7,Newport Hydrographic,NH03,10.14112881
2019,7,Newport Hydrographic,NH05,10.80930762
2019,7,Newport Hydrographic,NH10,9.92507659
2019,7,Newport Hydrographic,NH15,9.392004632
2019,7,Newport Hydrographic,NH20,9.723957703
2019,7,Newport Hydrographic,NH25,10.45038485
2019,8,Newport Hydrographic,NH01,9.40175558
2019,8,Newport Hydrographic,NH03,8.842137026
2019,8,Newport Hydrographic,NH05,9.299193199
2019,8,Newport Hydrographic,NH10,8.733544888
2019,8,Newport Hydrographic,NH15,9.258352442
2019,8,Newport Hydrographic,NH20,9.327051029
2019,8,Newport Hydrographic,NH25,9.918836994
2019,9,Newport Hydrographic,NH01,14.62652599
2019,9,Newport Hydrographic,NH03,12.73451285
2019,9,Newport Hydrographic,NH05,11.65048265
2019,9,Newport Hydrographic,NH10,10.63612639
2019,9,Newport Hydrographic,NH15,10.25849747
2019,9,Newport Hydrographic,NH20,10.28527637
2019,9,Newport Hydrographic,NH25,10.52927555
2019,10,Newport Hydrographic,NH01,11.06686164
2019,10,Newport Hydrographic,NH03,10.80567397
2019,10,Newport Hydrographic,NH05,10.93756021
2019,10,Newport Hydrographic,NH10,9.854813749
2019,10,Newport Hydrographic,NH15,10.88044047
2019,10,Newport Hydrographic,NH20,10.03631198
2019,10,Newport Hydrographic,NH25,9.977609005
2019,11,Newport Hydrographic,NH01,8.892947736
2019,11,Newport Hydrographic,NH03,8.671404725
2019,11,Newport Hydrographic,NH05,9.069541291
2019,11,Newport Hydrographic,NH10,8.913955792
2019,11,Newport Hydrographic,NH15,8.894765312
2019,11,Newport Hydrographic,NH20,8.93465498
2019,11,Newport Hydrographic,NH25,10.00436599
2019,12,Newport Hydrographic,NH01,9.16005239
2019,12,Newport Hydrographic,NH03,9.147917354
2019,12,Newport Hydrographic,NH05,9.345722784
2019,12,Newport Hydrographic,NH10,9.304296279
2019,12,Newport Hydrographic,NH15,9.248221835
2019,12,Newport Hydrographic,NH20,8.968846016
2019,12,Newport Hydrographic,NH25,9.205284004
2020,2,Newport Hydrographic,NH01,10.31247372
2020,2,Newport Hydrographic,NH03,10.07692781
2020,2,Newport Hydrographic,NH05,9.959956368
2020,2,Newport Hydrographic,NH10,10.07027298
2020,2,Newport Hydrographic,NH15,10.05865913
2020,2,Newport Hydrographic,NH20,9.879914007
2020,2,Newport Hydrographic,NH25,9.879058046
2020,3,Newport Hydrographic,NH01,8.661269437
2020,3,Newport Hydrographic,NH03,8.472306793
2020,3,Newport Hydrographic,NH05,8.432592482
2020,3,Newport Hydrographic,NH10,8.800283806
2020,3,Newport Hydrographic,NH15,9.098393019
2020,3,Newport Hydrographic,NH20,9.105981798
2020,3,Newport Hydrographic,NH25,9.486340756
2020,4,Newport Hydrographic,NH01,9.845814896
2020,4,Newport Hydrographic,NH03,9.713191323
2020,4,Newport Hydrographic,NH05,9.595429789
2020,4,Newport Hydrographic,NH10,9.356809017
2020,4,Newport Hydrographic,NH15,9.215828113
2020,4,Newport Hydrographic,NH20,9.28099699
2020,4,Newport Hydrographic,NH25,9.467580957
2020,5,Newport Hydrographic,NH01,13.16216845
2020,5,Newport Hydrographic,NH05,12.12908733
2020,6,Newport Hydrographic,NH01,12.58231502
2020,6,Newport Hydrographic,NH03,9.696479663
2020,6,Newport Hydrographic,NH05,9.238658046
2020,6,Newport Hydrographic,NH10,9.062081152
2020,6,Newport Hydrographic,NH15,9.051097074
2020,6,Newport Hydrographic,NH20,9.139077492
2020,6,Newport Hydrographic,NH25,9.219347498
2020,7,Newport Hydrographic,NH01,8.088731565
2020,7,Newport Hydrographic,NH03,8.466244422
2020,7,Newport Hydrographic,NH05,7.818166484
2020,7,Newport Hydrographic,NH10,8.317385686
2020,7,Newport Hydrographic,NH15,8.361719248
2020,7,Newport Hydrographic,NH20,8.158268995
2020,7,Newport Hydrographic,NH25,8.770155555
2020,8,Newport Hydrographic,NH01,9.103138009
2020,8,Newport Hydrographic,NH03,8.864147701
2020,8,Newport Hydrographic,NH05,8.634787712
2020,8,Newport Hydrographic,NH10,8.378828391
2020,8,Newport Hydrographic,NH15,8.411190299
2020,8,Newport Hydrographic,NH20,9.016615037
2020,8,Newport Hydrographic,NH25,9.731008062
2020,9,Newport Hydrographic,NH01,12.83467694
2020,9,Newport Hydrographic,NH03,12.04283569
2020,9,Newport Hydrographic,NH05,11.52552828
2020,9,Newport Hydrographic,NH10,9.966142102
2020,9,Newport Hydrographic,NH15,9.759448287
2020,9,Newport Hydrographic,NH20,9.663373503
2020,9,Newport Hydrographic,NH25,9.830218241
2020,10,Newport Hydrographic,NH01,12.760013
2020,10,Newport Hydrographic,NH03,11.61663831
2020,10,Newport Hydrographic,NH05,11.92120878
2020,10,Newport Hydrographic,NH10,11.62685639
2020,10,Newport Hydrographic,NH15,10.8980023
2020,10,Newport Hydrographic,NH20,10.85054041
2020,10,Newport Hydrographic,NH25,10.48703297
2020,11,Newport Hydrographic,NH05,10.81416362
2020,12,Newport Hydrographic,NH01,10.42177873
2020,12,Newport Hydrographic,NH03,10.48337629
2020,12,Newport Hydrographic,NH05,10.40163148
2020,12,Newport Hydrographic,NH10,10.29346426
2020,12,Newport Hydrographic,NH15,10.31183955
2020,12,Newport Hydrographic,NH20,10.14109896
2021,1,Newport Hydrographic,NH01,10.27439517
2021,1,Newport Hydrographic,NH03,10.29820432
2021,1,Newport Hydrographic,NH05,10.18479826
2021,1,Newport Hydrographic,NH10,10.2554152
2021,1,Newport Hydrographic,NH15,10.2721349
2021,2,Newport Hydrographic,NH01,9.746466676
2021,2,Newport Hydrographic,NH03,9.85666304
2021,2,Newport Hydrographic,NH05,9.840824545
2021,3,Newport Hydrographic,NH01,9.29844443
2021,3,Newport Hydrographic,NH03,9.266448684
2021,3,Newport Hydrographic,NH05,9.254411812
2021,3,Newport Hydrographic,NH10,9.227401312
2021,3,Newport Hydrographic,NH15,9.30907658
2021,3,Newport Hydrographic,NH20,9.055659037
2021,3,Newport Hydrographic,NH25,9.203592958
2021,4,Newport Hydrographic,NH01,8.37212491
2021,4,Newport Hydrographic,NH03,8.281432629
2021,4,Newport Hydrographic,NH05,7.972817534
2021,4,Newport Hydrographic,NH10,8.388388011
2021,4,Newport Hydrographic,NH15,8.519590722
2021,4,Newport Hydrographic,NH20,8.800529013
2021,4,Newport Hydrographic,NH25,9.212350035
2021,5,Newport Hydrographic,NH01,8.730682451
2021,5,Newport Hydrographic,NH03,8.226447732
2021,5,Newport Hydrographic,NH05,8.407472177
2021,5,Newport Hydrographic,NH10,8.250792518
2021,5,Newport Hydrographic,NH15,8.833346665
2021,5,Newport Hydrographic,NH20,8.555093211
2021,5,Newport Hydrographic,NH25,8.755724999
2021,6,Newport Hydrographic,NH03,9.032986164
2021,6,Newport Hydrographic,NH05,8.379513447
2021,6,Newport Hydrographic,NH10,8.463330421
2021,6,Newport Hydrographic,NH15,8.98454237
2021,6,Newport Hydrographic,NH20,9.375251989
2021,6,Newport Hydrographic,NH25,9.327764959
2021,7,Newport Hydrographic,NH01,9.59701004
2021,7,Newport Hydrographic,NH03,8.18995769
2021,7,Newport Hydrographic,NH05,8.759028192
2021,7,Newport Hydrographic,NH10,8.267761915
2021,7,Newport Hydrographic,NH15,8.362741587
2021,7,Newport Hydrographic,NH20,8.110950041
2021,7,Newport Hydrographic,NH25,8.586137991
2021,8,Newport Hydrographic,NH01,8.46559764
2021,8,Newport Hydrographic,NH03,8.459183461
2021,8,Newport Hydrographic,NH05,8.352353136
2021,8,Newport Hydrographic,NH10,8.400874131
2021,8,Newport Hydrographic,NH15,8.547664711
2021,8,Newport Hydrographic,NH20,8.466531987
2021,8,Newport Hydrographic,NH25,8.817566957
2021,9,Newport Hydrographic,NH01,9.837698572
2021,9,Newport Hydrographic,NH03,9.120273448
2021,9,Newport Hydrographic,NH05,8.583066848
2021,9,Newport Hydrographic,NH10,7.971394647
2021,9,Newport Hydrographic,NH15,8.206826473
2021,9,Newport Hydrographic,NH20,8.651631288
2021,9,Newport Hydrographic,NH25,8.486939401
2021,10,Newport Hydrographic,NH01,12.50564513
2021,10,Newport Hydrographic,NH03,11.99459108
2021,10,Newport Hydrographic,NH05,11.54904966
2021,11,Newport Hydrographic,NH01,12.3865618
2021,11,Newport Hydrographic,NH03,12.42080218
2021,11,Newport Hydrographic,NH05,12.24994177
2021,11,Newport Hydrographic,NH10,11.8331539
2021,11,Newport Hydrographic,NH20,11.72995399
2021,11,Newport Hydrographic,NH25,11.599237
2021,12,Newport Hydrographic,NH05,10.98800333
2022,1,Newport Hydrographic,NH01,10.08119468
2022,1,Newport Hydrographic,NH03,10.294459
2022,1,Newport Hydrographic,NH05,10.3050018
2022,1,Newport Hydrographic,NH10,10.35042498
2022,1,Newport Hydrographic,NH15,10.40466624
2022,1,Newport Hydrographic,NH20,10.09713599
2022,1,Newport Hydrographic,NH25,9.921007032
2022,2,Newport Hydrographic,NH01,9.512276173
2022,2,Newport Hydrographic,NH03,9.517462323
2022,2,Newport Hydrographic,NH05,9.521623494
2022,2,Newport Hydrographic,NH10,9.909653859
2022,2,Newport Hydrographic,NH15,9.967558361
2022,2,Newport Hydrographic,NH20,10.072724
2022,2,Newport Hydrographic,NH25,9.89891099
2022,3,Newport Hydrographic,NH01,9.584323659
2022,3,Newport Hydrographic,NH03,9.415157806
2022,3,Newport Hydrographic,NH05,9.318692977
2022,3,Newport Hydrographic,NH10,9.113766217
2022,3,Newport Hydrographic,NH15,8.955507255
2022,3,Newport Hydrographic,NH20,9.097585964
2022,3,Newport Hydrographic,NH25,9.491136036
2022,4,Newport Hydrographic,NH01,10.16678801
2022,4,Newport Hydrographic,NH03,9.422637892
2022,4,Newport Hydrographic,NH05,9.105724862
2022,4,Newport Hydrographic,NH10,8.68981739
2022,4,Newport Hydrographic,NH15,8.998361665
2022,4,Newport Hydrographic,NH20,9.062532024
2022,4,Newport Hydrographic,NH25,9.220907974
2022,5,Newport Hydrographic,NH01,9.934432496
2022,5,Newport Hydrographic,NH03,9.838174169
2022,5,Newport Hydrographic,NH05,9.878587637
2022,5,Newport Hydrographic,NH10,9.283142626
2022,5,Newport Hydrographic,NH15,9.675952594
2022,5,Newport Hydrographic,NH20,9.544182995
2022,5,Newport Hydrographic,NH25,9.578209744
2022,6,Newport Hydrographic,NH01,13.62561876
2022,6,Newport Hydrographic,NH03,10.61204128
2022,6,Newport Hydrographic,NH05,9.623505818
2022,6,Newport Hydrographic,NH10,8.91298215
2022,6,Newport Hydrographic,NH15,9.152053757
2022,6,Newport Hydrographic,NH20,9.620262641
2022,6,Newport Hydrographic,NH25,9.466736989
2022,7,Newport Hydrographic,NH01,9.667570066
2022,7,Newport Hydrographic,NH03,8.497275564
2022,7,Newport Hydrographic,NH05,8.671291273
2022,7,Newport Hydrographic,NH10,8.912705116
2022,7,Newport Hydrographic,NH15,9.12231037
2022,7,Newport Hydrographic,NH20,9.65359499
2022,7,Newport Hydrographic,NH25,10.29463405
2022,8,Newport Hydrographic,NH01,9.866498009
2022,8,Newport Hydrographic,NH03,10.00478468
2022,8,Newport Hydrographic,NH05,9.636663193
2022,8,Newport Hydrographic,NH10,9.086208899
2022,8,Newport Hydrographic,NH15,8.80341072
2022,8,Newport Hydrographic,NH20,8.740862072
2022,8,Newport Hydrographic,NH25,8.72506951
2022,9,Newport Hydrographic,NH01,11.44614844
2022,9,Newport Hydrographic,NH03,11.2785341
2022,9,Newport Hydrographic,NH05,9.754688944
2022,9,Newport Hydrographic,NH10,9.076373591
2022,9,Newport Hydrographic,NH15,9.169835053
2022,9,Newport Hydrographic,NH20,9.186223487
2022,9,Newport Hydrographic,NH25,9.437537154
2022,10,Newport Hydrographic,NH01,11.79381028
2022,10,Newport Hydrographic,NH03,10.75580106
2022,10,Newport Hydrographic,NH05,10.34201643
2022,10,Newport Hydrographic,NH10,10.16595208
2022,10,Newport Hydrographic,NH15,9.901050788
2022,10,Newport Hydrographic,NH20,10.26815098
2022,10,Newport Hydrographic,NH25,10.49032221
2022,11,Newport Hydrographic,NH01,10.96382181
2022,11,Newport Hydrographic,NH03,10.74641338
2022,11,Newport Hydrographic,NH05,11.11924567
2022,11,Newport Hydrographic,NH10,10.44517935
2022,11,Newport Hydrographic,NH15,9.999052604
2022,11,Newport Hydrographic,NH20,9.92100399
2022,11,Newport Hydrographic,NH25,9.452887863
2022,12,Newport Hydrographic,NH01,9.466794767
2022,12,Newport Hydrographic,NH03,9.741119141
2022,12,Newport Hydrographic,NH05,9.750873327
2022,12,Newport Hydrographic,NH10,9.739953848
2022,12,Newport Hydrographic,NH15,9.652382551
2022,12,Newport Hydrographic,NH20,9.678406051
2022,12,Newport Hydrographic,NH25,9.60679801
2023,1,Newport Hydrographic,NH01,10.33844727
2023,1,Newport Hydrographic,NH03,10.3577222
2023,1,Newport Hydrographic,NH05,10.21990177
2023,2,Newport Hydrographic,NH03,9.516220418
2023,2,Newport Hydrographic,NH05,8.94641089
2023,2,Newport Hydrographic,NH10,9.36701348
2023,2,Newport Hydrographic,NH15,9.698787212
2023,2,Newport Hydrographic,NH20,9.548050005
2023,2,Newport Hydrographic,NH25,9.573385715
2023,3,Newport Hydrographic,NH01,8.852684464
2023,3,Newport Hydrographic,NH03,8.876951421
2023,3,Newport Hydrographic,NH05,8.820060438
2023,3,Newport Hydrographic,NH10,8.9525091
2023,3,Newport Hydrographic,NH15,8.936881952
2023,3,Newport Hydrographic,NH20,8.91360096
2023,3,Newport Hydrographic,NH25,9.003577051
2023,4,Newport Hydrographic,NH01,9.725530036
2023,4,Newport Hydrographic,NH03,9.501132662
2023,4,Newport Hydrographic,NH05,9.45677075
2023,4,Newport Hydrographic,NH10,9.139623985
2023,4,Newport Hydrographic,NH15,8.95662173
2023,4,Newport Hydrographic,NH20,8.933558969
2023,4,Newport Hydrographic,NH25,9.120366674
2023,5,Newport Hydrographic,NH01,10.3460912
2023,5,Newport Hydrographic,NH03,9.474799186
2023,5,Newport Hydrographic,NH05,9.110707876
2023,5,Newport Hydrographic,NH10,8.893043888
2023,5,Newport Hydrographic,NH15,9.242229484
2023,5,Newport Hydrographic,NH20,9.331973984
2023,5,Newport Hydrographic,NH25,9.533626468
2023,6,Newport Hydrographic,NH03,7.831926127
2023,6,Newport Hydrographic,NH05,8.073830106
2023,6,Newport Hydrographic,NH10,8.477590107
2023,6,Newport Hydrographic,NH15,8.84760726
2023,6,Newport Hydrographic,NH20,9.166940858
2023,6,Newport Hydrographic,NH25,9.597226346
2023,7,Newport Hydrographic,NH01,9.005362251
2023,7,Newport Hydrographic,NH03,8.619082885
2023,7,Newport Hydrographic,NH05,8.255204346
2023,7,Newport Hydrographic,NH10,8.703528568
2023,7,Newport Hydrographic,NH15,8.636976705
2023,7,Newport Hydrographic,NH20,8.83101799
2023,7,Newport Hydrographic,NH25,9.325653539
2023,8,Newport Hydrographic,NH01,10.59874436
2023,8,Newport Hydrographic,NH03,10.31353336
2023,8,Newport Hydrographic,NH05,8.860430326
2023,8,Newport Hydrographic,NH10,8.907434705
2023,8,Newport Hydrographic,NH15,9.452113672
2023,8,Newport Hydrographic,NH20,9.273987031
2023,8,Newport Hydrographic,NH25,9.594268664
2023,9,Newport Hydrographic,NH01,14.02363687
2023,9,Newport Hydrographic,NH03,10.35913709
2023,9,Newport Hydrographic,NH05,10.34678196
2023,9,Newport Hydrographic,NH10,9.450835064
2023,9,Newport Hydrographic,NH15,9.405298809
2023,9,Newport Hydrographic,NH20,9.567440489
2023,9,Newport Hydrographic,NH25,9.646023267